Position,Name + ID,Name,ID,Roster Position,Salary,Game Info,TeamAbbrev,AvgPointsPerGame
RB,Alvin Kamara (11239044),Alvin Kamara,11239044,RB/FLEX,9500,CLE@NO 09/16/2018 01:00PM ET,NO,46.1
RB,Todd Gurley II (11239046),Todd Gurley II,11239046,RB/FLEX,9200,ARI@LAR 09/16/2018 04:05PM ET,LAR,26.7
RB,Le'Veon Bell (11239048),Le'Veon Bell,11239048,RB/FLEX,9000,KC@PIT 09/16/2018 01:00PM ET,PIT,0
WR,Antonio Brown (11239276),Antonio Brown,11239276,WR/FLEX,8800,KC@PIT 09/16/2018 01:00PM ET,PIT,24.3
WR,Michael Thomas (11239278),Michael Thomas,11239278,WR/FLEX,8600,CLE@NO 09/16/2018 01:00PM ET,NO,42
WR,Julio Jones (11239280),Julio Jones,11239280,WR/FLEX,8400,CAR@ATL 09/16/2018 01:00PM ET,ATL,31
RB,David Johnson (11239050),David Johnson,11239050,RB/FLEX,8200,ARI@LAR 09/16/2018 04:05PM ET,ARI,17.7
WR,DeAndre Hopkins (11239282),DeAndre Hopkins,11239282,WR/FLEX,8000,HOU@TEN 09/16/2018 01:00PM ET,HOU,15.1
WR,Keenan Allen (11239284),Keenan Allen,11239284,WR/FLEX,7800,LAC@BUF 09/16/2018 01:00PM ET,LAC,27.8
WR,Tyreek Hill (11239286),Tyreek Hill,11239286,WR/FLEX,7600,KC@PIT 09/16/2018 01:00PM ET,KC,45.3
RB,Melvin Gordon III (11239052),Melvin Gordon III,11239052,RB/FLEX,7400,LAC@BUF 09/16/2018 01:00PM ET,LAC,30.6
WR,Mike Evans (11239288),Mike Evans,11239288,WR/FLEX,7300,PHI@TB 09/16/2018 01:00PM ET,TB,30.7
QB,Drew Brees (11238979),Drew Brees,11238979,QB,7200,CLE@NO 09/16/2018 01:00PM ET,NO,34.56
WR,Adam Thielen (11239290),Adam Thielen,11239290,WR/FLEX,7100,MIN@GB 09/16/2018 01:00PM ET,MIN,19.2
RB,Christian McCaffrey (11239054),Christian McCaffrey,11239054,RB/FLEX,7000,CAR@ATL 09/16/2018 01:00PM ET,CAR,14.5
TE,Rob Gronkowski (11239604),Rob Gronkowski,11239604,TE/FLEX,7000,NE@JAX 09/16/2018 04:25PM ET,NE,27.3
QB,Ben Roethlisberger (11238980),Ben Roethlisberger,11238980,QB,6900,KC@PIT 09/16/2018 01:00PM ET,PIT,17
WR,Stefon Diggs (11239292),Stefon Diggs,11239292,WR/FLEX,6900,MIN@GB 09/16/2018 01:00PM ET,MIN,14.1
QB,Aaron Rodgers (11238981),Aaron Rodgers,11238981,QB,6800,MIN@GB 09/16/2018 01:00PM ET,GB,24.94
WR,Davante Adams (11239294),Davante Adams,11239294,WR/FLEX,6800,MIN@GB 09/16/2018 01:00PM ET,GB,19.8
RB,Leonard Fournette (11239056),Leonard Fournette,11239056,RB/FLEX,6800,NE@JAX 09/16/2018 04:25PM ET,JAX,8.5
WR,T.Y. Hilton (11239296),T.Y. Hilton,11239296,WR/FLEX,6700,IND@WAS 09/16/2018 01:00PM ET,IND,15.6
RB,James Conner (11239058),James Conner,11239058,RB/FLEX,6700,KC@PIT 09/16/2018 01:00PM ET,PIT,38.2
QB,Philip Rivers (11238982),Philip Rivers,11238982,QB,6700,LAC@BUF 09/16/2018 01:00PM ET,LAC,32.96
QB,Cam Newton (11238983),Cam Newton,11238983,QB,6600,CAR@ATL 09/16/2018 01:00PM ET,CAR,18.24
WR,Amari Cooper (11239298),Amari Cooper,11239298,WR/FLEX,6600,OAK@DEN 09/16/2018 04:25PM ET,OAK,2.8
RB,Dalvin Cook (11239060),Dalvin Cook,11239060,RB/FLEX,6500,MIN@GB 09/16/2018 01:00PM ET,MIN,14.5
WR,Golden Tate (11239300),Golden Tate,11239300,WR/FLEX,6500,DET@SF 09/16/2018 04:05PM ET,DET,20.9
QB,Tom Brady (11238984),Tom Brady,11238984,QB,6500,NE@JAX 09/16/2018 04:25PM ET,NE,22.28
QB,Carson Wentz (11238986),Carson Wentz,11238986,QB,6400,PHI@TB 09/16/2018 01:00PM ET,PHI,0
WR,JuJu Smith-Schuster (11239302),JuJu Smith-Schuster,11239302,WR/FLEX,6400,KC@PIT 09/16/2018 01:00PM ET,PIT,19.9
QB,Kirk Cousins (11238988),Kirk Cousins,11238988,QB,6400,MIN@GB 09/16/2018 01:00PM ET,MIN,20.36
QB,Deshaun Watson (11238987),Deshaun Watson,11238987,QB,6300,HOU@TEN 09/16/2018 01:00PM ET,HOU,13.04
RB,Jay Ajayi (11239062),Jay Ajayi,11239062,RB/FLEX,6300,PHI@TB 09/16/2018 01:00PM ET,PHI,20.2
WR,Jarvis Landry (11239306),Jarvis Landry,11239306,WR/FLEX,6300,CLE@NO 09/16/2018 01:00PM ET,CLE,20.6
QB,Jared Goff (11238985),Jared Goff,11238985,QB,6300,ARI@LAR 09/16/2018 04:05PM ET,LAR,17.22
QB,Andrew Luck (11238989),Andrew Luck,11238989,QB,6200,IND@WAS 09/16/2018 01:00PM ET,IND,23.46
RB,Kareem Hunt (11239064),Kareem Hunt,11239064,RB/FLEX,6200,KC@PIT 09/16/2018 01:00PM ET,KC,4.9
WR,Marvin Jones Jr. (11239304),Marvin Jones Jr.,11239304,WR/FLEX,6200,DET@SF 09/16/2018 04:05PM ET,DET,9.4
WR,Emmanuel Sanders (11239310),Emmanuel Sanders,11239310,WR/FLEX,6200,OAK@DEN 09/16/2018 04:25PM ET,DEN,32.5
WR,Nelson Agholor (11239308),Nelson Agholor,11239308,WR/FLEX,6100,PHI@TB 09/16/2018 01:00PM ET,PHI,13.5
TE,Zach Ertz (11239606),Zach Ertz,11239606,TE/FLEX,6100,PHI@TB 09/16/2018 01:00PM ET,PHI,9.8
QB,Patrick Mahomes (11238991),Patrick Mahomes,11238991,QB,6100,KC@PIT 09/16/2018 01:00PM ET,KC,28.34
QB,Matthew Stafford (11238990),Matthew Stafford,11238990,QB,6100,DET@SF 09/16/2018 04:05PM ET,DET,12.04
WR,Brandin Cooks (11239312),Brandin Cooks,11239312,WR/FLEX,6100,ARI@LAR 09/16/2018 04:05PM ET,LAR,14.3
RB,Devonta Freeman (11239066),Devonta Freeman,11239066,RB/FLEX,6000,CAR@ATL 09/16/2018 01:00PM ET,ATL,8
QB,Alex Smith (11238993),Alex Smith,11238993,QB,6000,IND@WAS 09/16/2018 01:00PM ET,WAS,19.6
QB,Jimmy Garoppolo (11238992),Jimmy Garoppolo,11238992,QB,6000,DET@SF 09/16/2018 04:05PM ET,SF,12.04
WR,Larry Fitzgerald (11239314),Larry Fitzgerald,11239314,WR/FLEX,6000,ARI@LAR 09/16/2018 04:05PM ET,ARI,14.6
WR,Julian Edelman (11239318),Julian Edelman,11239318,WR/FLEX,6000,NE@JAX 09/16/2018 04:25PM ET,NE,0
RB,Chris Thompson (11239068),Chris Thompson,11239068,RB/FLEX,5900,IND@WAS 09/16/2018 01:00PM ET,WAS,24.8
WR,Alshon Jeffery (11239316),Alshon Jeffery,11239316,WR/FLEX,5900,PHI@TB 09/16/2018 01:00PM ET,PHI,0
TE,Travis Kelce (11239608),Travis Kelce,11239608,TE/FLEX,5900,KC@PIT 09/16/2018 01:00PM ET,KC,1.6
QB,Tyrod Taylor (11238995),Tyrod Taylor,11238995,QB,5900,CLE@NO 09/16/2018 01:00PM ET,CLE,24.58
WR,Robert Woods (11239320),Robert Woods,11239320,WR/FLEX,5900,ARI@LAR 09/16/2018 04:05PM ET,LAR,7.3
RB,Kenyan Drake (11239070),Kenyan Drake,11239070,RB/FLEX,5800,MIA@NYJ 09/16/2018 01:00PM ET,MIA,9.6
WR,Josh Gordon (11239322),Josh Gordon,11239322,WR/FLEX,5800,CLE@NO 09/16/2018 01:00PM ET,CLE,8.7
QB,Case Keenum (11238994),Case Keenum,11238994,QB,5800,OAK@DEN 09/16/2018 04:25PM ET,DEN,25.16
QB,Matt Ryan (11238997),Matt Ryan,11238997,QB,5700,CAR@ATL 09/16/2018 01:00PM ET,ATL,9.84
QB,Nick Foles (11238998),Nick Foles,11238998,QB,5700,PHI@TB 09/16/2018 01:00PM ET,PHI,6.08
WR,Kenny Stills (11239330),Kenny Stills,11239330,WR/FLEX,5700,MIA@NYJ 09/16/2018 01:00PM ET,MIA,29.6
RB,LeSean McCoy (11239072),LeSean McCoy,11239072,RB/FLEX,5700,LAC@BUF 09/16/2018 01:00PM ET,BUF,3.1
RB,Mark Ingram (11239074),Mark Ingram,11239074,RB/FLEX,5700,CLE@NO 09/16/2018 01:00PM ET,NO,0
TE,Greg Olsen (11239610),Greg Olsen,11239610,TE/FLEX,5600,CAR@ATL 09/16/2018 01:00PM ET,CAR,5.3
QB,Marcus Mariota (11238999),Marcus Mariota,11238999,QB,5600,HOU@TEN 09/16/2018 01:00PM ET,TEN,3.62
RB,T.J. Yeldon (11239076),T.J. Yeldon,11239076,RB/FLEX,5600,NE@JAX 09/16/2018 04:25PM ET,JAX,15.9
WR,Demaryius Thomas (11239326),Demaryius Thomas,11239326,WR/FLEX,5600,OAK@DEN 09/16/2018 04:25PM ET,DEN,18.3
RB,Adrian Peterson (11239078),Adrian Peterson,11239078,RB/FLEX,5500,IND@WAS 09/16/2018 01:00PM ET,WAS,23.6
QB,Ryan Fitzpatrick (11239000),Ryan Fitzpatrick,11239000,QB,5500,PHI@TB 09/16/2018 01:00PM ET,TB,45.28
WR,Cooper Kupp (11239328),Cooper Kupp,11239328,WR/FLEX,5500,ARI@LAR 09/16/2018 04:05PM ET,LAR,17.8
QB,Derek Carr (11238996),Derek Carr,11238996,QB,5500,OAK@DEN 09/16/2018 04:25PM ET,OAK,12.22
RB,Lamar Miller (11239080),Lamar Miller,11239080,RB/FLEX,5400,HOU@TEN 09/16/2018 01:00PM ET,HOU,11.9
WR,Robby Anderson (11239332),Robby Anderson,11239332,WR/FLEX,5400,MIA@NYJ 09/16/2018 01:00PM ET,NYJ,10.2
QB,Blake Bortles (11239001),Blake Bortles,11239001,QB,5400,NE@JAX 09/16/2018 04:25PM ET,JAX,14.24
WR,Chris Hogan (11239324),Chris Hogan,11239324,WR/FLEX,5400,NE@JAX 09/16/2018 04:25PM ET,NE,2.1
RB,Tevin Coleman (11239082),Tevin Coleman,11239082,RB/FLEX,5300,CAR@ATL 09/16/2018 01:00PM ET,ATL,11.5
WR,Will Fuller V (11239334),Will Fuller V,11239334,WR/FLEX,5300,HOU@TEN 09/16/2018 01:00PM ET,HOU,0
QB,Ryan Tannehill (11239002),Ryan Tannehill,11239002,QB,5300,MIA@NYJ 09/16/2018 01:00PM ET,MIA,15.6
RB,Derrick Henry (11239086),Derrick Henry,11239086,RB/FLEX,5200,HOU@TEN 09/16/2018 01:00PM ET,TEN,4.1
RB,Jamaal Williams (11239084),Jamaal Williams,11239084,RB/FLEX,5200,MIN@GB 09/16/2018 01:00PM ET,GB,4.7
WR,Corey Davis (11239338),Corey Davis,11239338,WR/FLEX,5100,HOU@TEN 09/16/2018 01:00PM ET,TEN,12.2
QB,Sam Darnold (11239003),Sam Darnold,11239003,QB,5100,MIA@NYJ 09/16/2018 01:00PM ET,NYJ,14.82
RB,Bilal Powell (11239088),Bilal Powell,11239088,RB/FLEX,5100,MIA@NYJ 09/16/2018 01:00PM ET,NYJ,7.5
RB,Marshawn Lynch (11239090),Marshawn Lynch,11239090,RB/FLEX,5100,OAK@DEN 09/16/2018 04:25PM ET,OAK,12.9
QB,Jacoby Brissett (11239005),Jacoby Brissett,11239005,QB,5000,IND@WAS 09/16/2018 01:00PM ET,IND,0
TE,Jordan Reed (11239612),Jordan Reed,11239612,TE/FLEX,5000,IND@WAS 09/16/2018 01:00PM ET,WAS,14.8
RB,Dion Lewis (11239094),Dion Lewis,11239094,RB/FLEX,5000,HOU@TEN 09/16/2018 01:00PM ET,TEN,22
QB,Jameis Winston (11239006),Jameis Winston,11239006,QB,5000,PHI@TB 09/16/2018 01:00PM ET,TB,0
QB,Geno Smith (11239004),Geno Smith,11239004,QB,5000,LAC@BUF 09/16/2018 01:00PM ET,LAC,0
RB,Aaron Jones (11239092),Aaron Jones,11239092,RB/FLEX,5000,MIN@GB 09/16/2018 01:00PM ET,GB,0
WR,Pierre Garcon (11239340),Pierre Garcon,11239340,WR/FLEX,5000,DET@SF 09/16/2018 04:05PM ET,SF,4.1
WR,Jordy Nelson (11239336),Jordy Nelson,11239336,WR/FLEX,5000,OAK@DEN 09/16/2018 04:25PM ET,OAK,5.3
WR,Jamison Crowder (11239346),Jamison Crowder,11239346,WR/FLEX,4900,IND@WAS 09/16/2018 01:00PM ET,WAS,6.2
WR,DeSean Jackson (11239342),DeSean Jackson,11239342,WR/FLEX,4900,PHI@TB 09/16/2018 01:00PM ET,TB,34.6
QB,Teddy Bridgewater (11239007),Teddy Bridgewater,11239007,QB,4900,CLE@NO 09/16/2018 01:00PM ET,NO,0
RB,Carlos Hyde (11239096),Carlos Hyde,11239096,RB/FLEX,4900,CLE@NO 09/16/2018 01:00PM ET,CLE,13.5
WR,Keelan Cole (11239344),Keelan Cole,11239344,WR/FLEX,4900,NE@JAX 09/16/2018 04:25PM ET,JAX,8.4
QB,Josh McCown (11239008),Josh McCown,11239008,QB,4800,MIA@NYJ 09/16/2018 01:00PM ET,NYJ,0
TE,Jimmy Graham (11239614),Jimmy Graham,11239614,TE/FLEX,4800,MIN@GB 09/16/2018 01:00PM ET,GB,2.8
WR,Ted Ginn Jr. (11239350),Ted Ginn Jr.,11239350,WR/FLEX,4800,CLE@NO 09/16/2018 01:00PM ET,NO,20.3
RB,Matt Breida (11239098),Matt Breida,11239098,RB/FLEX,4800,DET@SF 09/16/2018 04:05PM ET,SF,6.1
WR,Kenny Golladay (11239348),Kenny Golladay,11239348,WR/FLEX,4800,DET@SF 09/16/2018 04:05PM ET,DET,21.4
WR,Marquise Goodwin (11239352),Marquise Goodwin,11239352,WR/FLEX,4800,DET@SF 09/16/2018 04:05PM ET,SF,0
QB,Sam Bradford (11239009),Sam Bradford,11239009,QB,4800,ARI@LAR 09/16/2018 04:05PM ET,ARI,4.82
WR,Devin Funchess (11239356),Devin Funchess,11239356,WR/FLEX,4700,CAR@ATL 09/16/2018 01:00PM ET,CAR,7.1
QB,Blaine Gabbert (11239010),Blaine Gabbert,11239010,QB,4700,HOU@TEN 09/16/2018 01:00PM ET,TEN,3.68
RB,Darren Sproles (11239100),Darren Sproles,11239100,RB/FLEX,4700,PHI@TB 09/16/2018 01:00PM ET,PHI,7.2
QB,Mason Rudolph (11239011),Mason Rudolph,11239011,QB,4700,KC@PIT 09/16/2018 01:00PM ET,PIT,0
WR,Quincy Enunwa (11239354),Quincy Enunwa,11239354,WR/FLEX,4700,MIA@NYJ 09/16/2018 01:00PM ET,NYJ,18.3
QB,Brandon Weeden (11239014),Brandon Weeden,11239014,QB,4600,HOU@TEN 09/16/2018 01:00PM ET,HOU,0
WR,Chris Godwin (11239360),Chris Godwin,11239360,WR/FLEX,4600,PHI@TB 09/16/2018 01:00PM ET,TB,13.1
WR,Sammy Watkins (11239366),Sammy Watkins,11239366,WR/FLEX,4600,KC@PIT 09/16/2018 01:00PM ET,KC,5.1
RB,Isaiah Crowell (11239102),Isaiah Crowell,11239102,RB/FLEX,4600,MIA@NYJ 09/16/2018 01:00PM ET,NYJ,25.2
WR,Danny Amendola (11239362),Danny Amendola,11239362,WR/FLEX,4600,MIA@NYJ 09/16/2018 01:00PM ET,MIA,6.6
QB,Josh Allen (11239013),Josh Allen,11239013,QB,4600,LAC@BUF 09/16/2018 01:00PM ET,BUF,5.56
WR,Kelvin Benjamin (11239364),Kelvin Benjamin,11239364,WR/FLEX,4600,LAC@BUF 09/16/2018 01:00PM ET,BUF,2
QB,Trevor Siemian (11239015),Trevor Siemian,11239015,QB,4600,MIN@GB 09/16/2018 01:00PM ET,MIN,0
RB,Latavius Murray (11239104),Latavius Murray,11239104,RB/FLEX,4600,MIN@GB 09/16/2018 01:00PM ET,MIN,4.2
WR,Randall Cobb (11239358),Randall Cobb,11239358,WR/FLEX,4600,MIN@GB 09/16/2018 01:00PM ET,GB,32.2
QB,Baker Mayfield (11239016),Baker Mayfield,11239016,QB,4600,CLE@NO 09/16/2018 01:00PM ET,CLE,0
QB,Matt Cassel (11239012),Matt Cassel,11239012,QB,4600,DET@SF 09/16/2018 04:05PM ET,DET,-0.54
QB,AJ McCarron (11239017),AJ McCarron,11239017,QB,4600,OAK@DEN 09/16/2018 04:25PM ET,OAK,0
QB,Colt McCoy (11239019),Colt McCoy,11239019,QB,4500,IND@WAS 09/16/2018 01:00PM ET,WAS,0
RB,Marlon Mack (11239114),Marlon Mack,11239114,RB/FLEX,4500,IND@WAS 09/16/2018 01:00PM ET,IND,0
TE,Delanie Walker (11239616),Delanie Walker,11239616,TE/FLEX,4500,HOU@TEN 09/16/2018 01:00PM ET,TEN,9.2
QB,Ryan Griffin (11239020),Ryan Griffin,11239020,QB,4500,PHI@TB 09/16/2018 01:00PM ET,TB,0
QB,Chad Henne (11239021),Chad Henne,11239021,QB,4500,KC@PIT 09/16/2018 01:00PM ET,KC,0
QB,Brock Osweiler (11239022),Brock Osweiler,11239022,QB,4500,MIA@NYJ 09/16/2018 01:00PM ET,MIA,0
WR,DeVante Parker (11239372),DeVante Parker,11239372,WR/FLEX,4500,MIA@NYJ 09/16/2018 01:00PM ET,MIA,0
QB,DeShone Kizer (11239018),DeShone Kizer,11239018,QB,4500,MIN@GB 09/16/2018 01:00PM ET,GB,0.2
RB,LeGarrette Blount (11239108),LeGarrette Blount,11239108,RB/FLEX,4500,DET@SF 09/16/2018 04:05PM ET,DET,-0.3
QB,Josh Rosen (11239023),Josh Rosen,11239023,QB,4500,ARI@LAR 09/16/2018 04:05PM ET,ARI,0
RB,John Kelly (11239106),John Kelly,11239106,RB/FLEX,4500,ARI@LAR 09/16/2018 04:05PM ET,LAR,0
RB,Chase Edmonds (11239112),Chase Edmonds,11239112,RB/FLEX,4500,ARI@LAR 09/16/2018 04:05PM ET,ARI,8.8
QB,Brian Hoyer (11239024),Brian Hoyer,11239024,QB,4500,NE@JAX 09/16/2018 04:25PM ET,NE,0
RB,James White (11239110),James White,11239110,RB/FLEX,4500,NE@JAX 09/16/2018 04:25PM ET,NE,15.6
WR,Phillip Dorsett (11239368),Phillip Dorsett,11239368,WR/FLEX,4500,NE@JAX 09/16/2018 04:25PM ET,NE,19.6
WR,Dede Westbrook (11239370),Dede Westbrook,11239370,WR/FLEX,4500,NE@JAX 09/16/2018 04:25PM ET,JAX,10.1
RB,Jordan Wilkins (11239116),Jordan Wilkins,11239116,RB/FLEX,4400,IND@WAS 09/16/2018 01:00PM ET,IND,9.1
RB,Austin Ekeler (11239118),Austin Ekeler,11239118,RB/FLEX,4400,LAC@BUF 09/16/2018 01:00PM ET,LAC,23.6
WR,Tyrell Williams (11239374),Tyrell Williams,11239374,WR/FLEX,4400,LAC@BUF 09/16/2018 01:00PM ET,LAC,8.8
QB,C.J. Beathard (11239028),C.J. Beathard,11239028,QB,4400,DET@SF 09/16/2018 04:05PM ET,SF,0
QB,Sean Mannion (11239025),Sean Mannion,11239025,QB,4400,ARI@LAR 09/16/2018 04:05PM ET,LAR,0
RB,Rex Burkhead (11239122),Rex Burkhead,11239122,RB/FLEX,4400,NE@JAX 09/16/2018 04:25PM ET,NE,7.9
QB,Kevin Hogan (11239026),Kevin Hogan,11239026,QB,4400,OAK@DEN 09/16/2018 04:25PM ET,DEN,0
QB,Chad Kelly (11239027),Chad Kelly,11239027,QB,4400,OAK@DEN 09/16/2018 04:25PM ET,DEN,0
RB,Phillip Lindsay (11239120),Phillip Lindsay,11239120,RB/FLEX,4400,OAK@DEN 09/16/2018 04:25PM ET,DEN,18.2
WR,Ryan Grant (11239376),Ryan Grant,11239376,WR/FLEX,4300,IND@WAS 09/16/2018 01:00PM ET,IND,13.9
QB,Nathan Peterman (11239029),Nathan Peterman,11239029,QB,4300,LAC@BUF 09/16/2018 01:00PM ET,BUF,-0.94
RB,Corey Grant (11239126),Corey Grant,11239126,RB/FLEX,4300,NE@JAX 09/16/2018 04:25PM ET,JAX,0.3
RB,Royce Freeman (11239124),Royce Freeman,11239124,RB/FLEX,4300,OAK@DEN 09/16/2018 04:25PM ET,DEN,7.1
WR,Paul Richardson Jr. (11239378),Paul Richardson Jr.,11239378,WR/FLEX,4200,IND@WAS 09/16/2018 01:00PM ET,WAS,6.2
WR,Rishard Matthews (11239380),Rishard Matthews,11239380,WR/FLEX,4200,HOU@TEN 09/16/2018 01:00PM ET,TEN,0
RB,Chris Ivory (11239132),Chris Ivory,11239132,RB/FLEX,4200,LAC@BUF 09/16/2018 01:00PM ET,BUF,0.3
TE,Kyle Rudolph (11239618),Kyle Rudolph,11239618,TE/FLEX,4200,MIN@GB 09/16/2018 01:00PM ET,MIN,8.1
RB,Duke Johnson Jr. (11239130),Duke Johnson Jr.,11239130,RB/FLEX,4200,CLE@NO 09/16/2018 01:00PM ET,CLE,3.5
RB,Kerryon Johnson (11239128),Kerryon Johnson,11239128,RB/FLEX,4200,DET@SF 09/16/2018 04:05PM ET,DET,6.7
RB,Nyheim Hines (11239134),Nyheim Hines,11239134,RB/FLEX,4100,IND@WAS 09/16/2018 01:00PM ET,IND,12.2
RB,Spencer Ware (11239136),Spencer Ware,11239136,RB/FLEX,4100,KC@PIT 09/16/2018 01:00PM ET,KC,5
WR,Cameron Meredith (11239382),Cameron Meredith,11239382,WR/FLEX,4100,CLE@NO 09/16/2018 01:00PM ET,NO,0
QB,Mike Glennon (11239030),Mike Glennon,11239030,QB,4100,ARI@LAR 09/16/2018 04:05PM ET,ARI,0
RB,Sony Michel (11239138),Sony Michel,11239138,RB/FLEX,4100,NE@JAX 09/16/2018 04:25PM ET,NE,0
QB,Matt Schaub (11239034),Matt Schaub,11239034,QB,4000,CAR@ATL 09/16/2018 01:00PM ET,ATL,0
QB,Taylor Heinicke (11239035),Taylor Heinicke,11239035,QB,4000,CAR@ATL 09/16/2018 01:00PM ET,CAR,0
WR,Mohamed Sanu (11239386),Mohamed Sanu,11239386,WR/FLEX,4000,CAR@ATL 09/16/2018 01:00PM ET,ATL,5.8
WR,D.J. Moore (11239390),D.J. Moore,11239390,WR/FLEX,4000,CAR@ATL 09/16/2018 01:00PM ET,CAR,0.3
WR,Josh Doctson (11239392),Josh Doctson,11239392,WR/FLEX,4000,IND@WAS 09/16/2018 01:00PM ET,WAS,2.1
TE,Jack Doyle (11239620),Jack Doyle,11239620,TE/FLEX,4000,IND@WAS 09/16/2018 01:00PM ET,IND,12
QB,Joe Webb III (11239036),Joe Webb III,11239036,QB,4000,HOU@TEN 09/16/2018 01:00PM ET,HOU,0
RB,D'Onta Foreman (11239144),D'Onta Foreman,11239144,RB/FLEX,4000,HOU@TEN 09/16/2018 01:00PM ET,HOU,0
QB,Nate Sudfeld (11239031),Nate Sudfeld,11239031,QB,4000,PHI@TB 09/16/2018 01:00PM ET,PHI,0
RB,Peyton Barber (11239142),Peyton Barber,11239142,RB/FLEX,4000,PHI@TB 09/16/2018 01:00PM ET,TB,6.9
QB,Joshua Dobbs (11239037),Joshua Dobbs,11239037,QB,4000,KC@PIT 09/16/2018 01:00PM ET,PIT,0
QB,David Fales (11239038),David Fales,11239038,QB,4000,MIA@NYJ 09/16/2018 01:00PM ET,MIA,0
QB,Luke Falk (11239039),Luke Falk,11239039,QB,4000,MIA@NYJ 09/16/2018 01:00PM ET,MIA,0
WR,Jermaine Kearse (11239388),Jermaine Kearse,11239388,WR/FLEX,4000,MIA@NYJ 09/16/2018 01:00PM ET,NYJ,0
QB,Tim Boyle (11239032),Tim Boyle,11239032,QB,4000,MIN@GB 09/16/2018 01:00PM ET,GB,0
QB,Kyle Sloter (11239040),Kyle Sloter,11239040,QB,4000,MIN@GB 09/16/2018 01:00PM ET,MIN,0
QB,Drew Stanton (11239041),Drew Stanton,11239041,QB,4000,CLE@NO 09/16/2018 01:00PM ET,CLE,0
QB,Taysom Hill (11239043),Taysom Hill,11239043,QB,4000,CLE@NO 09/16/2018 01:00PM ET,NO,0
RB,Theo Riddick (11239140),Theo Riddick,11239140,RB/FLEX,4000,DET@SF 09/16/2018 04:05PM ET,DET,8.5
WR,Dante Pettis (11239384),Dante Pettis,11239384,WR/FLEX,4000,DET@SF 09/16/2018 04:05PM ET,SF,14.1
QB,Brandon Allen (11239033),Brandon Allen,11239033,QB,4000,ARI@LAR 09/16/2018 04:05PM ET,LAR,0
QB,Cody Kessler (11239042),Cody Kessler,11239042,QB,4000,NE@JAX 09/16/2018 04:25PM ET,JAX,0
RB,C.J. Anderson (11239152),C.J. Anderson,11239152,RB/FLEX,3900,CAR@ATL 09/16/2018 01:00PM ET,CAR,3.5
RB,Alfred Blue (11239148),Alfred Blue,11239148,RB/FLEX,3900,HOU@TEN 09/16/2018 01:00PM ET,HOU,9.6
RB,Ronald Jones II (11239154),Ronald Jones II,11239154,RB/FLEX,3900,PHI@TB 09/16/2018 01:00PM ET,TB,0
WR,Mike Wallace (11239394),Mike Wallace,11239394,WR/FLEX,3900,PHI@TB 09/16/2018 01:00PM ET,PHI,0
RB,Frank Gore (11239150),Frank Gore,11239150,RB/FLEX,3900,MIA@NYJ 09/16/2018 01:00PM ET,MIA,6.1
WR,Jakeem Grant (11239396),Jakeem Grant,11239396,WR/FLEX,3900,MIA@NYJ 09/16/2018 01:00PM ET,MIA,14.8
WR,Trent Taylor (11239398),Trent Taylor,11239398,WR/FLEX,3900,DET@SF 09/16/2018 04:05PM ET,SF,6.8
RB,Doug Martin (11239146),Doug Martin,11239146,RB/FLEX,3900,OAK@DEN 09/16/2018 04:25PM ET,OAK,3.7
WR,Jarius Wright (11239406),Jarius Wright,11239406,WR/FLEX,3800,CAR@ATL 09/16/2018 01:00PM ET,CAR,5.3
WR,Bruce Ellington (11239400),Bruce Ellington,11239400,WR/FLEX,3800,HOU@TEN 09/16/2018 01:00PM ET,HOU,13.7
WR,James Washington (11239410),James Washington,11239410,WR/FLEX,3800,KC@PIT 09/16/2018 01:00PM ET,PIT,0
WR,Zay Jones (11239404),Zay Jones,11239404,WR/FLEX,3800,LAC@BUF 09/16/2018 01:00PM ET,BUF,5.6
WR,Geronimo Allison (11239402),Geronimo Allison,11239402,WR/FLEX,3800,MIN@GB 09/16/2018 01:00PM ET,GB,17.9
RB,Nick Chubb (11239156),Nick Chubb,11239156,RB/FLEX,3800,CLE@NO 09/16/2018 01:00PM ET,CLE,2.1
RB,Jonathan Williams (11239158),Jonathan Williams,11239158,RB/FLEX,3800,CLE@NO 09/16/2018 01:00PM ET,NO,0
TE,George Kittle (11239622),George Kittle,11239622,TE/FLEX,3800,DET@SF 09/16/2018 04:05PM ET,SF,14
WR,Brandon LaFell (11239408),Brandon LaFell,11239408,WR/FLEX,3800,OAK@DEN 09/16/2018 04:25PM ET,OAK,0
WR,Calvin Ridley (11239416),Calvin Ridley,11239416,WR/FLEX,3700,CAR@ATL 09/16/2018 01:00PM ET,ATL,0
WR,Albert Wilson (11239412),Albert Wilson,11239412,WR/FLEX,3700,MIA@NYJ 09/16/2018 01:00PM ET,MIA,6.8
WR,Terrelle Pryor (11239414),Terrelle Pryor,11239414,WR/FLEX,3700,MIA@NYJ 09/16/2018 01:00PM ET,NYJ,7.9
WR,Mike Williams (11239420),Mike Williams,11239420,WR/FLEX,3700,LAC@BUF 09/16/2018 01:00PM ET,LAC,13.1
RB,Ty Montgomery (11239160),Ty Montgomery,11239160,RB/FLEX,3700,MIN@GB 09/16/2018 01:00PM ET,GB,4.8
DST,Rams  (11239794),Rams ,11239794,DST,3700,ARI@LAR 09/16/2018 04:05PM ET,LAR,17
WR,Donte Moncrief (11239418),Donte Moncrief,11239418,WR/FLEX,3700,NE@JAX 09/16/2018 04:25PM ET,JAX,2.4
RB,Devontae Booker (11239162),Devontae Booker,11239162,RB/FLEX,3700,OAK@DEN 09/16/2018 04:25PM ET,DEN,3.5
WR,Curtis Samuel (11239426),Curtis Samuel,11239426,WR/FLEX,3600,CAR@ATL 09/16/2018 01:00PM ET,CAR,0
WR,Taywan Taylor (11239428),Taywan Taylor,11239428,WR/FLEX,3600,HOU@TEN 09/16/2018 01:00PM ET,TEN,0
WR,Travis Benjamin (11239422),Travis Benjamin,11239422,WR/FLEX,3600,LAC@BUF 09/16/2018 01:00PM ET,LAC,3
DST,Chargers  (11239795),Chargers ,11239795,DST,3600,LAC@BUF 09/16/2018 01:00PM ET,LAC,-3
RB,Ameer Abdullah (11239164),Ameer Abdullah,11239164,RB/FLEX,3600,DET@SF 09/16/2018 04:05PM ET,DET,0
RB,Alfred Morris (11239166),Alfred Morris,11239166,RB/FLEX,3600,DET@SF 09/16/2018 04:05PM ET,SF,2.8
WR,Christian Kirk (11239424),Christian Kirk,11239424,WR/FLEX,3600,ARI@LAR 09/16/2018 04:05PM ET,ARI,1.4
TE,Jared Cook (11239624),Jared Cook,11239624,TE/FLEX,3600,OAK@DEN 09/16/2018 04:25PM ET,OAK,30
WR,Torrey Smith (11239434),Torrey Smith,11239434,WR/FLEX,3500,CAR@ATL 09/16/2018 01:00PM ET,CAR,2.5
RB,Rob Kelley (11239174),Rob Kelley,11239174,RB/FLEX,3500,IND@WAS 09/16/2018 01:00PM ET,WAS,0.7
RB,Samaje Perine (11239182),Samaje Perine,11239182,RB/FLEX,3500,IND@WAS 09/16/2018 01:00PM ET,WAS,0
TE,Eric Ebron (11239626),Eric Ebron,11239626,TE/FLEX,3500,IND@WAS 09/16/2018 01:00PM ET,IND,15.1
RB,Corey Clement (11239170),Corey Clement,11239170,RB/FLEX,3500,PHI@TB 09/16/2018 01:00PM ET,PHI,2.6
RB,Jacquizz Rodgers (11239172),Jacquizz Rodgers,11239172,RB/FLEX,3500,PHI@TB 09/16/2018 01:00PM ET,TB,1.3
RB,Stevan Ridley (11239176),Stevan Ridley,11239176,RB/FLEX,3500,KC@PIT 09/16/2018 01:00PM ET,PIT,0
WR,Jeremy Kerley (11239432),Jeremy Kerley,11239432,WR/FLEX,3500,LAC@BUF 09/16/2018 01:00PM ET,BUF,2.7
RB,Shane Vereen (11239180),Shane Vereen,11239180,RB/FLEX,3500,CLE@NO 09/16/2018 01:00PM ET,NO,0
RB,Malcolm Brown (11239168),Malcolm Brown,11239168,RB/FLEX,3500,ARI@LAR 09/16/2018 04:05PM ET,LAR,4.3
RB,T.J. Logan (11239178),T.J. Logan,11239178,RB/FLEX,3500,ARI@LAR 09/16/2018 04:05PM ET,ARI,0
WR,Courtland Sutton (11239430),Courtland Sutton,11239430,WR/FLEX,3500,OAK@DEN 09/16/2018 04:25PM ET,DEN,6.5
WR,Adam Humphries (11239436),Adam Humphries,11239436,WR/FLEX,3400,PHI@TB 09/16/2018 01:00PM ET,TB,5.7
DST,Eagles  (11239796),Eagles ,11239796,DST,3400,PHI@TB 09/16/2018 01:00PM ET,PHI,10
WR,Tre'Quan Smith (11239440),Tre'Quan Smith,11239440,WR/FLEX,3400,CLE@NO 09/16/2018 01:00PM ET,NO,0
TE,Benjamin Watson (11239628),Benjamin Watson,11239628,TE/FLEX,3400,CLE@NO 09/16/2018 01:00PM ET,NO,8.4
WR,Cordarrelle Patterson (11239438),Cordarrelle Patterson,11239438,WR/FLEX,3400,NE@JAX 09/16/2018 04:25PM ET,NE,2.9
RB,Jalen Richard (11239184),Jalen Richard,11239184,RB/FLEX,3400,OAK@DEN 09/16/2018 04:25PM ET,OAK,16.9
WR,Chester Rogers (11239442),Chester Rogers,11239442,WR/FLEX,3300,IND@WAS 09/16/2018 01:00PM ET,IND,4.8
TE,Vernon Davis (11239630),Vernon Davis,11239630,TE/FLEX,3300,IND@WAS 09/16/2018 01:00PM ET,WAS,1.9
WR,Tajae Sharpe (11239446),Tajae Sharpe,11239446,WR/FLEX,3300,HOU@TEN 09/16/2018 01:00PM ET,TEN,2.7
WR,De'Anthony Thomas (11239448),De'Anthony Thomas,11239448,WR/FLEX,3300,KC@PIT 09/16/2018 01:00PM ET,KC,7.1
WR,Chris Conley (11239450),Chris Conley,11239450,WR/FLEX,3300,KC@PIT 09/16/2018 01:00PM ET,KC,2.5
RB,Kalen Ballage (11239188),Kalen Ballage,11239188,RB/FLEX,3300,MIA@NYJ 09/16/2018 01:00PM ET,MIA,0
WR,Laquon Treadwell (11239444),Laquon Treadwell,11239444,WR/FLEX,3300,MIN@GB 09/16/2018 01:00PM ET,MIN,3.8
RB,Mike Gillislee (11239190),Mike Gillislee,11239190,RB/FLEX,3300,CLE@NO 09/16/2018 01:00PM ET,NO,-0.1
WR,J.J. Nelson (11239452),J.J. Nelson,11239452,WR/FLEX,3300,ARI@LAR 09/16/2018 04:05PM ET,ARI,0
RB,Jeremy Hill (11239186),Jeremy Hill,11239186,RB/FLEX,3300,NE@JAX 09/16/2018 04:25PM ET,NE,4.1
DST,Broncos  (11239797),Broncos ,11239797,DST,3300,OAK@DEN 09/16/2018 04:25PM ET,DEN,12
RB,Christine Michael (11239194),Christine Michael,11239194,RB/FLEX,3200,IND@WAS 09/16/2018 01:00PM ET,IND,0.9
WR,Keke Coutee (11239460),Keke Coutee,11239460,WR/FLEX,3200,HOU@TEN 09/16/2018 01:00PM ET,HOU,0
TE,O.J. Howard (11239634),O.J. Howard,11239634,TE/FLEX,3200,PHI@TB 09/16/2018 01:00PM ET,TB,7.4
WR,Andre Holmes (11239458),Andre Holmes,11239458,WR/FLEX,3200,LAC@BUF 09/16/2018 01:00PM ET,BUF,2.4
WR,Austin Carr (11239456),Austin Carr,11239456,WR/FLEX,3200,CLE@NO 09/16/2018 01:00PM ET,NO,4
DST,Saints  (11239799),Saints ,11239799,DST,3200,CLE@NO 09/16/2018 01:00PM ET,NO,-4
RB,Kyle Juszczyk (11239192),Kyle Juszczyk,11239192,RB/FLEX,3200,DET@SF 09/16/2018 04:05PM ET,SF,6.6
WR,TJ Jones (11239454),TJ Jones,11239454,WR/FLEX,3200,DET@SF 09/16/2018 04:05PM ET,DET,1.6
WR,Chad Williams (11239462),Chad Williams,11239462,WR/FLEX,3200,ARI@LAR 09/16/2018 04:05PM ET,ARI,0
TE,Austin Seferian-Jenkins (11239632),Austin Seferian-Jenkins,11239632,TE/FLEX,3200,NE@JAX 09/16/2018 04:25PM ET,JAX,5.5
TE,Jonnu Smith (11239670),Jonnu Smith,11239670,TE/FLEX,3100,HOU@TEN 09/16/2018 01:00PM ET,TEN,2.2
WR,Darrius Heyward-Bey (11239464),Darrius Heyward-Bey,11239464,WR/FLEX,3100,KC@PIT 09/16/2018 01:00PM ET,PIT,0
WR,Demarcus Robinson (11239466),Demarcus Robinson,11239466,WR/FLEX,3100,KC@PIT 09/16/2018 01:00PM ET,KC,0
TE,Vance McDonald (11239636),Vance McDonald,11239636,TE/FLEX,3100,KC@PIT 09/16/2018 01:00PM ET,PIT,0
DST,Dolphins  (11239798),Dolphins ,11239798,DST,3100,MIA@NYJ 09/16/2018 01:00PM ET,MIA,13
TE,Charles Clay (11239638),Charles Clay,11239638,TE/FLEX,3100,LAC@BUF 09/16/2018 01:00PM ET,BUF,0
RB,Ricky Ortiz (11239196),Ricky Ortiz,11239196,RB/FLEX,3000,CAR@ATL 09/16/2018 01:00PM ET,ATL,0
RB,Ito Smith (11239198),Ito Smith,11239198,RB/FLEX,3000,CAR@ATL 09/16/2018 01:00PM ET,ATL,0
RB,Elijah Hood (11239224),Elijah Hood,11239224,RB/FLEX,3000,CAR@ATL 09/16/2018 01:00PM ET,CAR,0
RB,Alex Armah (11239226),Alex Armah,11239226,RB/FLEX,3000,CAR@ATL 09/16/2018 01:00PM ET,CAR,6.1
RB,Cameron Artis-Payne (11239274),Cameron Artis-Payne,11239274,RB/FLEX,3000,CAR@ATL 09/16/2018 01:00PM ET,CAR,0
WR,Marvin Hall (11239470),Marvin Hall,11239470,WR/FLEX,3000,CAR@ATL 09/16/2018 01:00PM ET,ATL,0
WR,Justin Hardy (11239472),Justin Hardy,11239472,WR/FLEX,3000,CAR@ATL 09/16/2018 01:00PM ET,ATL,0
WR,Russell Gage (11239474),Russell Gage,11239474,WR/FLEX,3000,CAR@ATL 09/16/2018 01:00PM ET,ATL,0
WR,Damiere Byrd (11239522),Damiere Byrd,11239522,WR/FLEX,3000,CAR@ATL 09/16/2018 01:00PM ET,CAR,0
RB,Robert Turbin (11239228),Robert Turbin,11239228,RB/FLEX,3000,IND@WAS 09/16/2018 01:00PM ET,IND,0
RB,Byron Marshall (11239230),Byron Marshall,11239230,RB/FLEX,3000,IND@WAS 09/16/2018 01:00PM ET,WAS,0
WR,Matt Hazel (11239468),Matt Hazel,11239468,WR/FLEX,3000,IND@WAS 09/16/2018 01:00PM ET,IND,0
WR,Zach Pascal (11239516),Zach Pascal,11239516,WR/FLEX,3000,IND@WAS 09/16/2018 01:00PM ET,IND,2.8
WR,Marcus Johnson (11239524),Marcus Johnson,11239524,WR/FLEX,3000,IND@WAS 09/16/2018 01:00PM ET,IND,0
WR,Maurice Harris (11239526),Maurice Harris,11239526,WR/FLEX,3000,IND@WAS 09/16/2018 01:00PM ET,WAS,0
WR,Trey Quinn (11239528),Trey Quinn,11239528,WR/FLEX,3000,IND@WAS 09/16/2018 01:00PM ET,WAS,0
WR,Cam Sims (11239530),Cam Sims,11239530,WR/FLEX,3000,IND@WAS 09/16/2018 01:00PM ET,WAS,0
RB,Tyler Ervin (11239218),Tyler Ervin,11239218,RB/FLEX,3000,HOU@TEN 09/16/2018 01:00PM ET,HOU,2.2
RB,Buddy Howell (11239232),Buddy Howell,11239232,RB/FLEX,3000,HOU@TEN 09/16/2018 01:00PM ET,HOU,0
RB,David Fluellen (11239234),David Fluellen,11239234,RB/FLEX,3000,HOU@TEN 09/16/2018 01:00PM ET,TEN,0
WR,Sammie Coates Jr. (11239532),Sammie Coates Jr.,11239532,WR/FLEX,3000,HOU@TEN 09/16/2018 01:00PM ET,HOU,0
WR,Vyncint Smith (11239534),Vyncint Smith,11239534,WR/FLEX,3000,HOU@TEN 09/16/2018 01:00PM ET,HOU,0
WR,Cameron Batson (11239536),Cameron Batson,11239536,WR/FLEX,3000,HOU@TEN 09/16/2018 01:00PM ET,TEN,0
WR,Darius Jennings (11239538),Darius Jennings,11239538,WR/FLEX,3000,HOU@TEN 09/16/2018 01:00PM ET,TEN,6
WR,Michael Campanaro (11239540),Michael Campanaro,11239540,WR/FLEX,3000,HOU@TEN 09/16/2018 01:00PM ET,TEN,0
RB,Wendell Smallwood (11239200),Wendell Smallwood,11239200,RB/FLEX,3000,PHI@TB 09/16/2018 01:00PM ET,PHI,0
RB,Shaun Wilson (11239220),Shaun Wilson,11239220,RB/FLEX,3000,PHI@TB 09/16/2018 01:00PM ET,TB,0.6
WR,Markus Wheaton (11239476),Markus Wheaton,11239476,WR/FLEX,3000,PHI@TB 09/16/2018 01:00PM ET,PHI,0
WR,DeAndre Carter (11239478),DeAndre Carter,11239478,WR/FLEX,3000,PHI@TB 09/16/2018 01:00PM ET,PHI,2
WR,Shelton Gibson (11239480),Shelton Gibson,11239480,WR/FLEX,3000,PHI@TB 09/16/2018 01:00PM ET,PHI,0
WR,Freddie Martino (11239542),Freddie Martino,11239542,WR/FLEX,3000,PHI@TB 09/16/2018 01:00PM ET,TB,0
WR,Justin Watson (11239544),Justin Watson,11239544,WR/FLEX,3000,PHI@TB 09/16/2018 01:00PM ET,TB,0
RB,Anthony Sherman (11239236),Anthony Sherman,11239236,RB/FLEX,3000,KC@PIT 09/16/2018 01:00PM ET,KC,10.6
RB,Darrel Williams (11239238),Darrel Williams,11239238,RB/FLEX,3000,KC@PIT 09/16/2018 01:00PM ET,KC,0
RB,Damien Williams (11239240),Damien Williams,11239240,RB/FLEX,3000,KC@PIT 09/16/2018 01:00PM ET,KC,0
RB,Roosevelt Nix (11239242),Roosevelt Nix,11239242,RB/FLEX,3000,KC@PIT 09/16/2018 01:00PM ET,PIT,0
RB,Jaylen Samuels (11239244),Jaylen Samuels,11239244,RB/FLEX,3000,KC@PIT 09/16/2018 01:00PM ET,PIT,0
WR,Justin Hunter (11239518),Justin Hunter,11239518,WR/FLEX,3000,KC@PIT 09/16/2018 01:00PM ET,PIT,1.6
WR,Ryan Switzer (11239520),Ryan Switzer,11239520,WR/FLEX,3000,KC@PIT 09/16/2018 01:00PM ET,PIT,0.8
WR,Marcus Kemp (11239546),Marcus Kemp,11239546,WR/FLEX,3000,KC@PIT 09/16/2018 01:00PM ET,KC,0
WR,Eli Rogers (11239548),Eli Rogers,11239548,WR/FLEX,3000,KC@PIT 09/16/2018 01:00PM ET,PIT,0
RB,Trenton Cannon (11239202),Trenton Cannon,11239202,RB/FLEX,3000,MIA@NYJ 09/16/2018 01:00PM ET,NYJ,3.1
RB,Elijah McGuire (11239204),Elijah McGuire,11239204,RB/FLEX,3000,MIA@NYJ 09/16/2018 01:00PM ET,NYJ,0
RB,Senorise Perry (11239246),Senorise Perry,11239246,RB/FLEX,3000,MIA@NYJ 09/16/2018 01:00PM ET,MIA,0
RB,Brandon Bolden (11239248),Brandon Bolden,11239248,RB/FLEX,3000,MIA@NYJ 09/16/2018 01:00PM ET,MIA,0
WR,Andre Roberts (11239482),Andre Roberts,11239482,WR/FLEX,3000,MIA@NYJ 09/16/2018 01:00PM ET,NYJ,6.2
WR,Charone Peake (11239484),Charone Peake,11239484,WR/FLEX,3000,MIA@NYJ 09/16/2018 01:00PM ET,NYJ,0
WR,ArDarius Stewart (11239486),ArDarius Stewart,11239486,WR/FLEX,3000,MIA@NYJ 09/16/2018 01:00PM ET,NYJ,0
WR,Tanner McEvoy (11239550),Tanner McEvoy,11239550,WR/FLEX,3000,MIA@NYJ 09/16/2018 01:00PM ET,MIA,0
RB,Marcus Murphy (11239216),Marcus Murphy,11239216,RB/FLEX,3000,LAC@BUF 09/16/2018 01:00PM ET,BUF,3.1
RB,Derek Watt (11239222),Derek Watt,11239222,RB/FLEX,3000,LAC@BUF 09/16/2018 01:00PM ET,LAC,0.1
RB,Taiwan Jones (11239250),Taiwan Jones,11239250,RB/FLEX,3000,LAC@BUF 09/16/2018 01:00PM ET,BUF,0
RB,Patrick DiMarco (11239252),Patrick DiMarco,11239252,RB/FLEX,3000,LAC@BUF 09/16/2018 01:00PM ET,BUF,0
RB,Detrez Newsome (11239254),Detrez Newsome,11239254,RB/FLEX,3000,LAC@BUF 09/16/2018 01:00PM ET,LAC,0
WR,Robert Foster (11239552),Robert Foster,11239552,WR/FLEX,3000,LAC@BUF 09/16/2018 01:00PM ET,BUF,0
WR,Ray-Ray McCloud III (11239554),Ray-Ray McCloud III,11239554,WR/FLEX,3000,LAC@BUF 09/16/2018 01:00PM ET,BUF,0
WR,Geremy Davis (11239556),Geremy Davis,11239556,WR/FLEX,3000,LAC@BUF 09/16/2018 01:00PM ET,LAC,0
WR,Artavis Scott (11239558),Artavis Scott,11239558,WR/FLEX,3000,LAC@BUF 09/16/2018 01:00PM ET,LAC,0
WR,J.J. Jones (11239560),J.J. Jones,11239560,WR/FLEX,3000,LAC@BUF 09/16/2018 01:00PM ET,LAC,-1
RB,Darius Jackson (11239256),Darius Jackson,11239256,RB/FLEX,3000,MIN@GB 09/16/2018 01:00PM ET,GB,0
RB,Roc Thomas (11239258),Roc Thomas,11239258,RB/FLEX,3000,MIN@GB 09/16/2018 01:00PM ET,MIN,0
RB,C.J. Ham (11239260),C.J. Ham,11239260,RB/FLEX,3000,MIN@GB 09/16/2018 01:00PM ET,MIN,0
RB,Mike Boone (11239262),Mike Boone,11239262,RB/FLEX,3000,MIN@GB 09/16/2018 01:00PM ET,MIN,0
WR,Equanimeous St. Brown (11239488),Equanimeous St. Brown,11239488,WR/FLEX,3000,MIN@GB 09/16/2018 01:00PM ET,GB,0
WR,Trevor Davis (11239490),Trevor Davis,11239490,WR/FLEX,3000,MIN@GB 09/16/2018 01:00PM ET,GB,0
WR,Marquez Valdes-Scantling (11239492),Marquez Valdes-Scantling,11239492,WR/FLEX,3000,MIN@GB 09/16/2018 01:00PM ET,GB,0
WR,J'Mon Moore (11239494),J'Mon Moore,11239494,WR/FLEX,3000,MIN@GB 09/16/2018 01:00PM ET,GB,0
WR,Stacy Coley (11239562),Stacy Coley,11239562,WR/FLEX,3000,MIN@GB 09/16/2018 01:00PM ET,MIN,0
WR,Brandon Zylstra (11239564),Brandon Zylstra,11239564,WR/FLEX,3000,MIN@GB 09/16/2018 01:00PM ET,MIN,0
RB,Zach Line (11239264),Zach Line,11239264,RB/FLEX,3000,CLE@NO 09/16/2018 01:00PM ET,NO,0
WR,Rashard Higgins (11239514),Rashard Higgins,11239514,WR/FLEX,3000,CLE@NO 09/16/2018 01:00PM ET,CLE,4.8
WR,Damion Ratley (11239566),Damion Ratley,11239566,WR/FLEX,3000,CLE@NO 09/16/2018 01:00PM ET,CLE,0
WR,Derrick Willies (11239568),Derrick Willies,11239568,WR/FLEX,3000,CLE@NO 09/16/2018 01:00PM ET,CLE,0
WR,Tommylee Lewis (11239570),Tommylee Lewis,11239570,WR/FLEX,3000,CLE@NO 09/16/2018 01:00PM ET,NO,0
WR,Antonio Callaway (11239596),Antonio Callaway,11239596,WR/FLEX,3000,CLE@NO 09/16/2018 01:00PM ET,CLE,0
TE,David Njoku (11239642),David Njoku,11239642,TE/FLEX,3000,CLE@NO 09/16/2018 01:00PM ET,CLE,4.3
RB,Nick Bellore (11239206),Nick Bellore,11239206,RB/FLEX,3000,DET@SF 09/16/2018 04:05PM ET,DET,0
RB,Raheem Mostert (11239266),Raheem Mostert,11239266,RB/FLEX,3000,DET@SF 09/16/2018 04:05PM ET,SF,0
WR,Bradley Marquez (11239496),Bradley Marquez,11239496,WR/FLEX,3000,DET@SF 09/16/2018 04:05PM ET,DET,0
WR,Brandon Powell (11239498),Brandon Powell,11239498,WR/FLEX,3000,DET@SF 09/16/2018 04:05PM ET,DET,0
WR,Richie James Jr. (11239572),Richie James Jr.,11239572,WR/FLEX,3000,DET@SF 09/16/2018 04:05PM ET,SF,0
WR,Victor Bolden Jr. (11239574),Victor Bolden Jr.,11239574,WR/FLEX,3000,DET@SF 09/16/2018 04:05PM ET,SF,0
WR,Kendrick Bourne (11239576),Kendrick Bourne,11239576,WR/FLEX,3000,DET@SF 09/16/2018 04:05PM ET,SF,0
TE,Luke Willson (11239640),Luke Willson,11239640,TE/FLEX,3000,DET@SF 09/16/2018 04:05PM ET,DET,0
RB,Justin Davis (11239208),Justin Davis,11239208,RB/FLEX,3000,ARI@LAR 09/16/2018 04:05PM ET,LAR,0
RB,Derrick Coleman (11239268),Derrick Coleman,11239268,RB/FLEX,3000,ARI@LAR 09/16/2018 04:05PM ET,ARI,0
WR,Pharoh Cooper (11239500),Pharoh Cooper,11239500,WR/FLEX,3000,ARI@LAR 09/16/2018 04:05PM ET,LAR,0
WR,Josh Reynolds (11239502),Josh Reynolds,11239502,WR/FLEX,3000,ARI@LAR 09/16/2018 04:05PM ET,LAR,0
WR,Michael Thomas (11239504),Michael Thomas,11239504,WR/FLEX,3000,ARI@LAR 09/16/2018 04:05PM ET,LAR,0
WR,Trent Sherfield (11239578),Trent Sherfield,11239578,WR/FLEX,3000,ARI@LAR 09/16/2018 04:05PM ET,ARI,0
RB,James Develin (11239214),James Develin,11239214,RB/FLEX,3000,NE@JAX 09/16/2018 04:25PM ET,NE,6.2
RB,Tommy Bohanon (11239270),Tommy Bohanon,11239270,RB/FLEX,3000,NE@JAX 09/16/2018 04:25PM ET,JAX,0
WR,Chad Hansen (11239506),Chad Hansen,11239506,WR/FLEX,3000,NE@JAX 09/16/2018 04:25PM ET,NE,0
WR,Cody Hollister (11239580),Cody Hollister,11239580,WR/FLEX,3000,NE@JAX 09/16/2018 04:25PM ET,NE,0
WR,Matthew Slater (11239582),Matthew Slater,11239582,WR/FLEX,3000,NE@JAX 09/16/2018 04:25PM ET,NE,0
WR,D.J. Chark Jr. (11239584),D.J. Chark Jr.,11239584,WR/FLEX,3000,NE@JAX 09/16/2018 04:25PM ET,JAX,0
WR,Jaydon Mickens (11239586),Jaydon Mickens,11239586,WR/FLEX,3000,NE@JAX 09/16/2018 04:25PM ET,JAX,0
WR,Rashad Greene Sr. (11239588),Rashad Greene Sr.,11239588,WR/FLEX,3000,NE@JAX 09/16/2018 04:25PM ET,JAX,0
WR,Braxton Berrios (11239598),Braxton Berrios,11239598,WR/FLEX,3000,NE@JAX 09/16/2018 04:25PM ET,NE,0
WR,Riley McCarron (11239602),Riley McCarron,11239602,WR/FLEX,3000,NE@JAX 09/16/2018 04:25PM ET,NE,-1
DST,Patriots  (11239800),Patriots ,11239800,DST,3000,NE@JAX 09/16/2018 04:25PM ET,NE,8
RB,DeAndre Washington (11239210),DeAndre Washington,11239210,RB/FLEX,3000,OAK@DEN 09/16/2018 04:25PM ET,OAK,0
RB,Keith Smith (11239212),Keith Smith,11239212,RB/FLEX,3000,OAK@DEN 09/16/2018 04:25PM ET,OAK,0
RB,Andy Janovich (11239272),Andy Janovich,11239272,RB/FLEX,3000,OAK@DEN 09/16/2018 04:25PM ET,DEN,0
WR,Keon Hatcher (11239508),Keon Hatcher,11239508,WR/FLEX,3000,OAK@DEN 09/16/2018 04:25PM ET,OAK,0
WR,Dwayne Harris (11239510),Dwayne Harris,11239510,WR/FLEX,3000,OAK@DEN 09/16/2018 04:25PM ET,OAK,0
WR,Seth Roberts (11239512),Seth Roberts,11239512,WR/FLEX,3000,OAK@DEN 09/16/2018 04:25PM ET,OAK,2.1
WR,Tim Patrick (11239590),Tim Patrick,11239590,WR/FLEX,3000,OAK@DEN 09/16/2018 04:25PM ET,DEN,0
WR,Isaiah McKenzie (11239592),Isaiah McKenzie,11239592,WR/FLEX,3000,OAK@DEN 09/16/2018 04:25PM ET,DEN,0
WR,Jordan Taylor (11239594),Jordan Taylor,11239594,WR/FLEX,3000,OAK@DEN 09/16/2018 04:25PM ET,DEN,0
WR,DaeSean Hamilton (11239600),DaeSean Hamilton,11239600,WR/FLEX,3000,OAK@DEN 09/16/2018 04:25PM ET,DEN,0
TE,Austin Hooper (11239644),Austin Hooper,11239644,TE/FLEX,2900,CAR@ATL 09/16/2018 01:00PM ET,ATL,5.4
TE,Ian Thomas (11239646),Ian Thomas,11239646,TE/FLEX,2900,CAR@ATL 09/16/2018 01:00PM ET,CAR,2.4
DST,Panthers  (11239809),Panthers ,11239809,DST,2900,CAR@ATL 09/16/2018 01:00PM ET,CAR,12
TE,Ricky Seals-Jones (11239648),Ricky Seals-Jones,11239648,TE/FLEX,2900,ARI@LAR 09/16/2018 04:05PM ET,ARI,4.9
TE,Cameron Brate (11239656),Cameron Brate,11239656,TE/FLEX,2800,PHI@TB 09/16/2018 01:00PM ET,TB,0
TE,Jesse James (11239652),Jesse James,11239652,TE/FLEX,2800,KC@PIT 09/16/2018 01:00PM ET,PIT,9
TE,Mike Gesicki (11239654),Mike Gesicki,11239654,TE/FLEX,2800,MIA@NYJ 09/16/2018 01:00PM ET,MIA,2.1
DST,49ers  (11239803),49ers ,11239803,DST,2800,DET@SF 09/16/2018 04:05PM ET,SF,6
TE,Tyler Higbee (11239650),Tyler Higbee,11239650,TE/FLEX,2800,ARI@LAR 09/16/2018 04:05PM ET,LAR,0
DST,Jaguars  (11239802),Jaguars ,11239802,DST,2800,NE@JAX 09/16/2018 04:25PM ET,JAX,13
DST,Falcons  (11239804),Falcons ,11239804,DST,2700,CAR@ATL 09/16/2018 01:00PM ET,ATL,7
DST,Redskins  (11239805),Redskins ,11239805,DST,2700,IND@WAS 09/16/2018 01:00PM ET,WAS,13
TE,Ryan Griffin (11239668),Ryan Griffin,11239668,TE/FLEX,2700,HOU@TEN 09/16/2018 01:00PM ET,HOU,0
TE,Dallas Goedert (11239660),Dallas Goedert,11239660,TE/FLEX,2700,PHI@TB 09/16/2018 01:00PM ET,PHI,1.4
TE,Demetrius Harris (11239666),Demetrius Harris,11239666,TE/FLEX,2700,KC@PIT 09/16/2018 01:00PM ET,KC,0
DST,Steelers  (11239801),Steelers ,11239801,DST,2700,KC@PIT 09/16/2018 01:00PM ET,PIT,11
TE,Virgil Green (11239662),Virgil Green,11239662,TE/FLEX,2700,LAC@BUF 09/16/2018 01:00PM ET,LAC,4.1
TE,Hakeem Valles (11239658),Hakeem Valles,11239658,TE/FLEX,2700,DET@SF 09/16/2018 04:05PM ET,DET,1.5
TE,Jake Butt (11239664),Jake Butt,11239664,TE/FLEX,2700,OAK@DEN 09/16/2018 04:25PM ET,DEN,4.9
TE,Jordan Akins (11239674),Jordan Akins,11239674,TE/FLEX,2600,HOU@TEN 09/16/2018 01:00PM ET,HOU,3.1
DST,Texans  (11239807),Texans ,11239807,DST,2600,HOU@TEN 09/16/2018 01:00PM ET,HOU,8
TE,Jordan Leggett (11239672),Jordan Leggett,11239672,TE/FLEX,2600,MIA@NYJ 09/16/2018 01:00PM ET,NYJ,0
TE,Antonio Gates (11239676),Antonio Gates,11239676,TE/FLEX,2600,LAC@BUF 09/16/2018 01:00PM ET,LAC,5.6
DST,Vikings  (11239810),Vikings ,11239810,DST,2600,MIN@GB 09/16/2018 01:00PM ET,MIN,18
TE,Garrett Celek (11239678),Garrett Celek,11239678,TE/FLEX,2600,DET@SF 09/16/2018 04:05PM ET,SF,0
TE,Jermaine Gresham (11239680),Jermaine Gresham,11239680,TE/FLEX,2600,ARI@LAR 09/16/2018 04:05PM ET,ARI,0
TE,Dwayne Allen (11239682),Dwayne Allen,11239682,TE/FLEX,2600,NE@JAX 09/16/2018 04:25PM ET,NE,0
TE,Eric Saubert (11239684),Eric Saubert,11239684,TE/FLEX,2500,CAR@ATL 09/16/2018 01:00PM ET,ATL,0
TE,Logan Paulsen (11239686),Logan Paulsen,11239686,TE/FLEX,2500,CAR@ATL 09/16/2018 01:00PM ET,ATL,0
TE,Chris Manhertz (11239736),Chris Manhertz,11239736,TE/FLEX,2500,CAR@ATL 09/16/2018 01:00PM ET,CAR,0
TE,Erik Swoope (11239728),Erik Swoope,11239728,TE/FLEX,2500,IND@WAS 09/16/2018 01:00PM ET,IND,2.3
TE,Ryan Hewitt (11239738),Ryan Hewitt,11239738,TE/FLEX,2500,IND@WAS 09/16/2018 01:00PM ET,IND,0
TE,Jeremy Sprinkle (11239740),Jeremy Sprinkle,11239740,TE/FLEX,2500,IND@WAS 09/16/2018 01:00PM ET,WAS,0
TE,Luke Stocker (11239718),Luke Stocker,11239718,TE/FLEX,2500,HOU@TEN 09/16/2018 01:00PM ET,TEN,5.7
TE,Jordan Thomas (11239722),Jordan Thomas,11239722,TE/FLEX,2500,HOU@TEN 09/16/2018 01:00PM ET,HOU,3.7
TE,Anthony Firkser (11239742),Anthony Firkser,11239742,TE/FLEX,2500,HOU@TEN 09/16/2018 01:00PM ET,TEN,0
TE,Beau Brinkley (11239744),Beau Brinkley,11239744,TE/FLEX,2500,HOU@TEN 09/16/2018 01:00PM ET,TEN,0
TE,Joshua Perkins (11239688),Joshua Perkins,11239688,TE/FLEX,2500,PHI@TB 09/16/2018 01:00PM ET,PHI,0
TE,Richard Rodgers (11239690),Richard Rodgers,11239690,TE/FLEX,2500,PHI@TB 09/16/2018 01:00PM ET,PHI,0
TE,Alan Cross (11239746),Alan Cross,11239746,TE/FLEX,2500,PHI@TB 09/16/2018 01:00PM ET,TB,0
TE,Antony Auclair (11239748),Antony Auclair,11239748,TE/FLEX,2500,PHI@TB 09/16/2018 01:00PM ET,TB,0
TE,James Winchester (11239750),James Winchester,11239750,TE/FLEX,2500,KC@PIT 09/16/2018 01:00PM ET,KC,0
TE,Alex Ellis (11239752),Alex Ellis,11239752,TE/FLEX,2500,KC@PIT 09/16/2018 01:00PM ET,KC,0
TE,Xavier Grimble (11239754),Xavier Grimble,11239754,TE/FLEX,2500,KC@PIT 09/16/2018 01:00PM ET,PIT,0
TE,Chris Herndon (11239692),Chris Herndon,11239692,TE/FLEX,2500,MIA@NYJ 09/16/2018 01:00PM ET,NYJ,0
TE,Eric Tomlinson (11239694),Eric Tomlinson,11239694,TE/FLEX,2500,MIA@NYJ 09/16/2018 01:00PM ET,NYJ,1.7
TE,Neal Sterling (11239696),Neal Sterling,11239696,TE/FLEX,2500,MIA@NYJ 09/16/2018 01:00PM ET,NYJ,5.7
TE,Durham Smythe (11239756),Durham Smythe,11239756,TE/FLEX,2500,MIA@NYJ 09/16/2018 01:00PM ET,MIA,0
TE,A.J. Derby (11239758),A.J. Derby,11239758,TE/FLEX,2500,MIA@NYJ 09/16/2018 01:00PM ET,MIA,0
TE,Gavin Escobar (11239760),Gavin Escobar,11239760,TE/FLEX,2500,MIA@NYJ 09/16/2018 01:00PM ET,MIA,0
DST,Jets  (11239806),Jets ,11239806,DST,2500,MIA@NYJ 09/16/2018 01:00PM ET,NYJ,26
TE,Jason Croom (11239720),Jason Croom,11239720,TE/FLEX,2500,LAC@BUF 09/16/2018 01:00PM ET,BUF,3.8
TE,Logan Thomas (11239724),Logan Thomas,11239724,TE/FLEX,2500,LAC@BUF 09/16/2018 01:00PM ET,BUF,3.4
TE,Khari Lee (11239762),Khari Lee,11239762,TE/FLEX,2500,LAC@BUF 09/16/2018 01:00PM ET,BUF,0
TE,Hunter Henry (11239764),Hunter Henry,11239764,TE/FLEX,2500,LAC@BUF 09/16/2018 01:00PM ET,LAC,0
TE,Sean Culkin (11239766),Sean Culkin,11239766,TE/FLEX,2500,LAC@BUF 09/16/2018 01:00PM ET,LAC,0
TE,Marcedes Lewis (11239698),Marcedes Lewis,11239698,TE/FLEX,2500,MIN@GB 09/16/2018 01:00PM ET,GB,0
TE,Lance Kendricks (11239700),Lance Kendricks,11239700,TE/FLEX,2500,MIN@GB 09/16/2018 01:00PM ET,GB,2.3
TE,Robert Tonyan (11239702),Robert Tonyan,11239702,TE/FLEX,2500,MIN@GB 09/16/2018 01:00PM ET,GB,0
TE,David Morgan (11239732),David Morgan,11239732,TE/FLEX,2500,MIN@GB 09/16/2018 01:00PM ET,MIN,1.9
TE,Tyler Conklin (11239734),Tyler Conklin,11239734,TE/FLEX,2500,MIN@GB 09/16/2018 01:00PM ET,MIN,1.6
TE,Kevin McDermott (11239768),Kevin McDermott,11239768,TE/FLEX,2500,MIN@GB 09/16/2018 01:00PM ET,MIN,0
TE,Josiah Price (11239770),Josiah Price,11239770,TE/FLEX,2500,MIN@GB 09/16/2018 01:00PM ET,MIN,0
DST,Packers  (11239808),Packers ,11239808,DST,2500,MIN@GB 09/16/2018 01:00PM ET,GB,7
TE,Josh Hill (11239726),Josh Hill,11239726,TE/FLEX,2500,CLE@NO 09/16/2018 01:00PM ET,NO,2.5
TE,Darren Fells (11239730),Darren Fells,11239730,TE/FLEX,2500,CLE@NO 09/16/2018 01:00PM ET,CLE,2.2
TE,Orson Charles (11239772),Orson Charles,11239772,TE/FLEX,2500,CLE@NO 09/16/2018 01:00PM ET,CLE,0
TE,Seth DeValve (11239790),Seth DeValve,11239790,TE/FLEX,2500,CLE@NO 09/16/2018 01:00PM ET,CLE,0
TE,Dan Arnold (11239792),Dan Arnold,11239792,TE/FLEX,2500,CLE@NO 09/16/2018 01:00PM ET,NO,0
TE,Michael Roberts (11239704),Michael Roberts,11239704,TE/FLEX,2500,DET@SF 09/16/2018 04:05PM ET,DET,0
TE,Levine Toilolo (11239706),Levine Toilolo,11239706,TE/FLEX,2500,DET@SF 09/16/2018 04:05PM ET,DET,1.7
TE,Kyle Nelson (11239774),Kyle Nelson,11239774,TE/FLEX,2500,DET@SF 09/16/2018 04:05PM ET,SF,0
TE,Cole Wick (11239776),Cole Wick,11239776,TE/FLEX,2500,DET@SF 09/16/2018 04:05PM ET,SF,0
TE,Gerald Everett (11239708),Gerald Everett,11239708,TE/FLEX,2500,ARI@LAR 09/16/2018 04:05PM ET,LAR,0
TE,Johnny Mundt (11239710),Johnny Mundt,11239710,TE/FLEX,2500,ARI@LAR 09/16/2018 04:05PM ET,LAR,0
TE,Gabe Holmes (11239778),Gabe Holmes,11239778,TE/FLEX,2500,ARI@LAR 09/16/2018 04:05PM ET,ARI,0
TE,Jacob Hollister (11239780),Jacob Hollister,11239780,TE/FLEX,2500,NE@JAX 09/16/2018 04:25PM ET,NE,0
TE,James O'Shaughnessy (11239782),James O'Shaughnessy,11239782,TE/FLEX,2500,NE@JAX 09/16/2018 04:25PM ET,JAX,0
TE,Niles Paul (11239784),Niles Paul,11239784,TE/FLEX,2500,NE@JAX 09/16/2018 04:25PM ET,JAX,0
TE,Andrew DePaola (11239712),Andrew DePaola,11239712,TE/FLEX,2500,OAK@DEN 09/16/2018 04:25PM ET,OAK,0
TE,Lee Smith (11239714),Lee Smith,11239714,TE/FLEX,2500,OAK@DEN 09/16/2018 04:25PM ET,OAK,0
TE,Derek Carrier (11239716),Derek Carrier,11239716,TE/FLEX,2500,OAK@DEN 09/16/2018 04:25PM ET,OAK,4
TE,Matt LaCosse (11239786),Matt LaCosse,11239786,TE/FLEX,2500,OAK@DEN 09/16/2018 04:25PM ET,DEN,0
TE,Jeff Heuerman (11239788),Jeff Heuerman,11239788,TE/FLEX,2500,OAK@DEN 09/16/2018 04:25PM ET,DEN,2.5
DST,Titans  (11239811),Titans ,11239811,DST,2400,HOU@TEN 09/16/2018 01:00PM ET,TEN,11
DST,Colts  (11239814),Colts ,11239814,DST,2300,IND@WAS 09/16/2018 01:00PM ET,IND,5
DST,Lions  (11239813),Lions ,11239813,DST,2300,DET@SF 09/16/2018 04:05PM ET,DET,8
DST,Raiders  (11239812),Raiders ,11239812,DST,2300,OAK@DEN 09/16/2018 04:25PM ET,OAK,1
DST,Buccaneers  (11239816),Buccaneers ,11239816,DST,2200,PHI@TB 09/16/2018 01:00PM ET,TB,7
DST,Chiefs  (11239815),Chiefs ,11239815,DST,2200,KC@PIT 09/16/2018 01:00PM ET,KC,10
DST,Bills  (11239818),Bills ,11239818,DST,2100,LAC@BUF 09/16/2018 01:00PM ET,BUF,0
DST,Cardinals  (11239817),Cardinals ,11239817,DST,2100,ARI@LAR 09/16/2018 04:05PM ET,ARI,5
DST,Browns  (11239819),Browns ,11239819,DST,2000,CLE@NO 09/16/2018 01:00PM ET,CLE,16
