"Id","Position","First Name","Nickname","Last Name","FPPG","Played","Salary","Game","Team","Opponent","Injury Indicator","Injury Details","Tier","",""
"28509-42104","RB","Alvin","Alvin Kamara","Kamara","26.666666666666668","3","9100","NO@NYG","NO","NYG","","","","",""
"28509-28573","WR","Michael","Michael Thomas","Thomas","24.26666768391927","3","9000","NO@NYG","NO","NYG","","","","",""
"28509-28900","RB","Melvin","Melvin Gordon III","Gordon III","22.03333282470703","3","8700","SF@LAC","LAC","SF","","","","",""
"28509-6504","QB","Drew","Drew Brees","Brees","29.906667073567707","3","8700","NO@NYG","NO","NYG","","","","",""
"28509-16606","WR","DeAndre","DeAndre Hopkins","Hopkins","14.233333587646484","3","8600","HOU@IND","HOU","IND","","","","",""
"28509-6498","QB","Tom","Tom Brady","Brady","15.71999994913737","3","8600","MIA@NE","NE","MIA","","","","",""
"28509-31360","WR","Odell","Odell Beckham Jr.","Beckham Jr.","13","3","8600","NO@NYG","NYG","NO","","","","",""
"28509-14190","WR","Julio","Julio Jones","Jones","14.666666666666666","3","8600","CIN@ATL","ATL","CIN","","","","",""
"28509-6894","QB","Aaron","Aaron Rodgers","Rodgers","20.293333689371746","3","8500","BUF@GB","GB","BUF","","","","",""
"28509-14187","WR","A.J.","A.J. Green","Green","17.3000005086263","3","8500","CIN@ATL","CIN","ATL","Q","Groin","","",""
"28509-38791","RB","Ezekiel","Ezekiel Elliott","Elliott","15.533332824707031","3","8200","DET@DAL","DAL","DET","","","","",""
"28509-11460","TE","Rob","Rob Gronkowski","Gronkowski","9.799999872843424","3","8100","MIA@NE","NE","MIA","","","","",""
"28509-6616","QB","Matt","Matt Ryan","Ryan","27.226666768391926","3","8100","CIN@ATL","ATL","CIN","","","","",""
"28509-29253","WR","Keenan","Keenan Allen","Allen","11.466667175292969","3","8100","SF@LAC","LAC","SF","","","","",""
"28509-45889","WR","Davante","Davante Adams","Adams","16.133333841959637","3","8000","BUF@GB","GB","BUF","","","","",""
"28509-64401","RB","Saquon","Saquon Barkley","Barkley","19.266666412353516","3","8000","NO@NYG","NYG","NO","","","","",""
"28509-32384","WR","Mike","Mike Evans","Evans","21.399998982747395","3","7900","TB@CHI","TB","CHI","","","","",""
"28509-7968","QB","Philip","Philip Rivers","Rivers","23.246665954589844","3","7800","SF@LAC","LAC","SF","","","","",""
"28509-52922","RB","Leonard","Leonard Fournette","Fournette","7","1","7700","NYJ@JAC","JAC","NYJ","Q","Hamstring","","",""
"28509-62497","RB","David","David Johnson","Johnson","11.633333841959635","3","7600","SEA@ARI","ARI","SEA","","","","",""
"28509-42028","WR","Will","Will Fuller V","Fuller V","19.950000762939453","2","7600","HOU@IND","HOU","IND","","","","",""
"28509-54879","QB","Deshaun","Deshaun Watson","Watson","20.613333384195965","3","7600","HOU@IND","HOU","IND","","","","",""
"28509-22015","QB","Russell","Russell Wilson","Wilson","17.913333892822266","3","7500","SEA@ARI","SEA","ARI","","","","",""
"28509-7659","QB","Ryan","Ryan Fitzpatrick","Fitzpatrick","33.800000508626304","3","7400","TB@CHI","TB","CHI","","","","",""
"28509-14225","QB","Andy","Andy Dalton","Dalton","20.733333587646484","3","7400","CIN@ATL","CIN","ATL","","","","",""
"28509-54604","QB","Jimmy","Jimmy Garoppolo","Garoppolo","17.00666681925456","3","7300","SF@LAC","SF","LAC","O","Knee - acl","","",""
"28509-21939","QB","Andrew","Andrew Luck","Luck","15.893333435058594","3","7300","HOU@IND","IND","HOU","","","","",""
"28509-6654","QB","Matthew","Matthew Stafford","Stafford","18.400000254313152","3","7300","DET@DAL","DET","DAL","","","","",""
"28509-22031","WR","T.Y.","T.Y. Hilton","Hilton","12.800000508626303","3","7300","HOU@IND","IND","HOU","","","","",""
"28509-70324","QB","Carson","Carson Wentz","Wentz","12.199999809265137","1","7300","PHI@TEN","PHI","TEN","","","","",""
"28509-27776","RB","Tevin","Tevin Coleman","Coleman","12.40000025431315","3","7200","CIN@ATL","ATL","CIN","","","","",""
"28509-42142","RB","Jordan","Jordan Howard","Howard","12.199999491373697","3","7200","TB@CHI","CHI","TB","","","","",""
"28509-14626","WR","Doug","Doug Baldwin","Baldwin","0","1","7200","SEA@ARI","SEA","ARI","O","Knee - mcl","","",""
"28509-52442","RB","Joe","Joe Mixon","Mixon","16.299999237060547","2","7100","CIN@ATL","CIN","ATL","O","Knee - meniscus","","",""
"28509-6826","QB","Eli","Eli Manning","Manning","13.833333333333334","3","7100","NO@NYG","NYG","NO","","","","",""
"28509-29780","TE","Zach","Zach Ertz","Ertz","10.666666666666666","3","7000","PHI@TEN","PHI","TEN","","","","",""
"28509-22027","QB","Nick","Nick Foles","Foles","10.619999885559082","2","7000","PHI@TEN","PHI","TEN","","","","",""
"28509-31394","WR","Jarvis","Jarvis Landry","Landry","13.266666412353516","3","7000","CLE@OAK","CLE","OAK","","","","",""
"28509-45859","QB","Derek","Derek Carr","Carr","13.446666717529297","3","7000","CLE@OAK","OAK","CLE","","","","",""
"28509-41535","QB","Baker","Baker Mayfield","Mayfield","9.84000015258789","1","6900","CLE@OAK","CLE","OAK","","","","",""
"28509-11485","WR","Golden","Golden Tate","Tate","14.199999491373697","3","6800","DET@DAL","DET","DAL","","","","",""
"28509-24920","RB","Devonta","Devonta Freeman","Freeman","6.5","1","6800","CIN@ATL","ATL","CIN","Q","Knee","","",""
"28509-27050","WR","Tyler","Tyler Lockett","Lockett","14.699999491373697","3","6800","SEA@ARI","SEA","ARI","","","","",""
"28509-21948","QB","Ryan","Ryan Tannehill","Tannehill","19.626667022705078","3","6800","MIA@NE","MIA","NE","","","","",""
"28509-38628","QB","Mitchell","Mitchell Trubisky","Trubisky","12.346666971842447","3","6800","TB@CHI","CHI","TB","","","","",""
"28509-28473","RB","Carlos","Carlos Hyde","Hyde","15.933333079020182","3","6800","CLE@OAK","CLE","OAK","","","","",""
"28509-31716","QB","Dak","Dak Prescott","Prescott","11.473332722981771","3","6800","DET@DAL","DAL","DET","","","","",""
"28509-14704","WR","Chris","Chris Hogan","Hogan","7.966666539510091","3","6700","MIA@NE","NE","MIA","","","","",""
"28509-34308","QB","Blake","Blake Bortles","Bortles","18.893333435058594","3","6700","NYJ@JAC","JAC","NYJ","","","","",""
"28509-31001","WR","Amari","Amari Cooper","Cooper","7.200000127156575","3","6600","CLE@OAK","OAK","CLE","","","","",""
"28509-46882","RB","Jay","Jay Ajayi","Ajayi","14.699999809265137","2","6600","PHI@TEN","PHI","TEN","Q","Back","","",""
"28509-21980","WR","Alshon","Alshon Jeffery","Jeffery","10.462499618530273","16","6500","PHI@TEN","PHI","TEN","Q","Shoulder","","",""
"28509-22037","RB","Lamar","Lamar Miller","Miller","10.333333333333334","3","6500","HOU@IND","HOU","IND","","","","",""
"28509-6739","WR","DeSean","DeSean Jackson","Jackson","18.400000254313152","3","6500","TB@CHI","TB","CHI","","","","",""
"28509-22103","WR","Marvin","Marvin Jones Jr.","Jones Jr.","11.90000025431315","3","6500","DET@DAL","DET","DAL","","","","",""
"28509-6779","RB","LeSean","LeSean McCoy","McCoy","5.699999809265137","2","6500","BUF@GB","BUF","GB","Q","Ribs","","",""
"28509-23194","WR","Josh","Josh Gordon","Gordon","8.199999809265137","1","6500","MIA@NE","NE","MIA","Q","Hamstring","","",""
"28509-7859","WR","Julian","Julian Edelman","Edelman","0","0","6500","MIA@NE","NE","MIA","O","Suspension","","",""
"28509-62364","QB","Josh","Josh Rosen","Rosen","1.6399999856948853","1","6500","SEA@ARI","ARI","SEA","","","","",""
"28509-28643","WR","Allen","Allen Robinson II","Robinson II","9.299999872843424","3","6500","TB@CHI","CHI","TB","","","","",""
"28509-53303","RB","Matt","Matt Breida","Breida","14.066666920979818","3","6400","SF@LAC","SF","LAC","Q","Knee","","",""
"28509-9371","RB","Marshawn","Marshawn Lynch","Lynch","13.933333079020182","3","6400","CLE@OAK","OAK","CLE","","","","",""
"28509-54684","RB","Isaiah","Isaiah Crowell","Crowell","15.066666920979818","3","6400","NYJ@JAC","NYJ","JAC","","","","",""
"28509-6627","WR","Ted","Ted Ginn Jr.","Ginn Jr.","11.333333333333334","3","6400","NO@NYG","NO","NYG","","","","",""
"28509-64119","RB","Chris","Chris Carson","Carson","9.733333587646484","3","6400","SEA@ARI","SEA","ARI","","","","",""
"28509-25290","RB","Giovani","Giovani Bernard","Bernard","8.233333587646484","3","6400","CIN@ATL","CIN","ATL","","","","",""
"28509-6883","WR","Larry","Larry Fitzgerald","Fitzgerald","5.766666412353516","3","6400","SEA@ARI","ARI","SEA","","","","",""
"28509-62239","QB","Josh","Josh Allen","Allen","16.099999745686848","3","6400","BUF@GB","BUF","GB","","","","",""
"28509-27457","WR","Kenny","Kenny Stills","Stills","13.633333841959635","3","6400","MIA@NE","MIA","NE","","","","",""
"28509-64555","WR","Calvin","Calvin Ridley","Ridley","17.233333587646484","3","6300","CIN@ATL","ATL","CIN","","","","",""
"28509-11414","QB","Sam","Sam Bradford","Bradford","5.566666920979817","3","6300","SEA@ARI","ARI","SEA","","","","",""
"28509-30989","RB","Kenyan","Kenyan Drake","Drake","8.366666793823242","3","6300","MIA@NE","MIA","NE","","","","",""
"28509-29358","QB","Marcus","Marcus Mariota","Mariota","6.360000133514404","2","6300","PHI@TEN","TEN","PHI","Q","Elbow","","",""
"28509-39829","WR","Mike","Mike Williams","Williams","14.133333841959635","3","6300","SF@LAC","LAC","SF","","","","",""
"28509-29683","WR","Nelson","Nelson Agholor","Agholor","10.966667175292969","3","6300","PHI@TEN","PHI","TEN","","","","",""
"28509-63589","QB","Sam","Sam Darnold","Darnold","11.680000305175781","3","6200","NYJ@JAC","NYJ","JAC","","","","",""
"28509-79998","WR","Keelan","Keelan Cole","Cole","11.5","3","6200","NYJ@JAC","JAC","NYJ","","","","",""
"28509-80001","RB","Austin","Austin Ekeler","Ekeler","13","3","6200","SF@LAC","LAC","SF","","","","",""
"28509-24849","QB","Jameis","Jameis Winston","Winston","16.35846182016226","13","6200","TB@CHI","TB","CHI","O","Suspension","","",""
"28509-27986","QB","C.J.","C.J. Beathard","Beathard","15.800000508626303","6","6200","SF@LAC","SF","LAC","","","","",""
"28509-55635","WR","Chris","Chris Godwin","Godwin","13.199999491373697","3","6200","TB@CHI","TB","CHI","","","","",""
"28509-27477","WR","Sterling","Sterling Shepard","Shepard","9.40000025431315","3","6200","NO@NYG","NYG","NO","","","","",""
"28509-28930","RB","James","James White","White","12.699999491373697","3","6100","MIA@NE","NE","MIA","","","","",""
"28509-27266","WR","Quincy","Quincy Enunwa","Enunwa","11.90000025431315","3","6100","NYJ@JAC","NYJ","JAC","","","","",""
"28509-14194","QB","Blaine","Blaine Gabbert","Gabbert","4.293333371480306","3","6100","PHI@TEN","TEN","PHI","Q","Concussion","","",""
"28509-14257","WR","Randall","Randall Cobb","Cobb","10.666666666666666","3","6100","BUF@GB","GB","BUF","","","","",""
"28509-14377","QB","Tyrod","Tyrod Taylor","Taylor","14.326666514078775","3","6000","CLE@OAK","CLE","OAK","Q","Concussion","","",""
"28509-30761","QB","Nathan","Nathan Peterman","Peterman","-0.9399999976158142","1","6000","BUF@GB","BUF","GB","","","","",""
"28509-30788","QB","Tyler","Tyler Bray","Bray","-2","1","6000","TB@CHI","CHI","TB","","","","",""
"28509-39034","QB","Kurt","Kurt Benkert","Benkert","0","0","6000","CIN@ATL","ATL","CIN","","","","",""
"28509-83079","QB","Kyle","Kyle Lauletta","Lauletta","0","0","6000","NO@NYG","NYG","NO","","","","",""
"28509-27801","QB","Nate","Nate Sudfeld","Sudfeld","7.559999942779541","1","6000","PHI@TEN","PHI","TEN","","","","",""
"28509-83130","QB","Chad","Chad Kanoff","Kanoff","0","0","6000","SEA@ARI","ARI","SEA","","","","",""
"28509-57537","QB","DeShone","DeShone Kizer","Kizer","-0.800000011920929","1","6000","BUF@GB","GB","BUF","","","","",""
"28509-45259","QB","Logan","Logan Woodside","Woodside","0","0","6000","PHI@TEN","TEN","PHI","","","","",""
"28509-29915","QB","Brett","Brett Hundley","Hundley","12.358182040127842","11","6000","SEA@ARI","SEA","ARI","","","","",""
"28509-54507","QB","Alex","Alex McGough","McGough","0","0","6000","SEA@ARI","SEA","ARI","","","","",""
"28509-11512","TE","Jimmy","Jimmy Graham","Graham","7.099999745686849","3","6000","BUF@GB","GB","BUF","","","","",""
"28509-39179","QB","Tanner","Tanner Lee","Lee","0","0","6000","NYJ@JAC","JAC","NYJ","","","","",""
"28509-31047","QB","AJ","AJ McCarron","McCarron","1.3200000524520874","2","6000","CLE@OAK","OAK","CLE","","","","",""
"28509-27982","QB","Jake","Jake Rudock","Rudock","-0.03999999910593033","1","6000","DET@DAL","DET","DAL","","","","",""
"28509-31061","RB","T.J.","T.J. Yeldon","Yeldon","11.5","3","6000","NYJ@JAC","JAC","NYJ","Q","Ankle","","",""
"28509-11615","QB","Joe","Joe Webb III","Webb III","2.9000000953674316","2","6000","HOU@IND","HOU","IND","","","","",""
"28509-39280","RB","Derrick","Derrick Henry","Henry","5.0733334223429365","3","6000","PHI@TEN","TEN","PHI","","","","",""
"28509-21959","QB","Brandon","Brandon Weeden","Weeden","0","0","6000","HOU@IND","HOU","IND","","","","",""
"28509-21994","QB","Brock","Brock Osweiler","Osweiler","12.153333028157553","6","6000","MIA@NE","MIA","NE","","","","",""
"28509-33259","QB","Teddy","Teddy Bridgewater","Bridgewater","-1.2999999523162842","1","6000","NO@NYG","NO","NYG","","","","",""
"28509-45565","QB","Taysom","Taysom Hill","Hill","1.9500000476837158","2","6000","NO@NYG","NO","NYG","","","","",""
"28509-6679","QB","Matt","Matt Schaub","Schaub","0","1","6000","CIN@ATL","ATL","CIN","","","","",""
"28509-30231","QB","Jacoby","Jacoby Brissett","Brissett","0","1","6000","HOU@IND","IND","HOU","","","","",""
"28509-40482","QB","Tim","Tim Boyle","Boyle","0","0","6000","BUF@GB","GB","BUF","","","","",""
"28509-23075","QB","Alex","Alex Tanney","Tanney","0","0","6000","NO@NYG","NYG","NO","","","","",""
"28509-30253","QB","Jeff","Jeff Driskel","Driskel","0","0","6000","CIN@ATL","CIN","ATL","","","","",""
"28509-40534","QB","Mike","Mike White","White","0","0","6000","DET@DAL","DAL","DET","","","","",""
"28509-41562","QB","Nick","Nick Mullens","Mullens","0","0","6000","SF@LAC","SF","LAC","","","","",""
"28509-7778","QB","Matt","Matt Cassel","Cassel","-0.5400000214576721","1","6000","DET@DAL","DET","DAL","","","","",""
"28509-8803","QB","Chase","Chase Daniel","Daniel","-0.20000000298023224","1","6000","TB@CHI","CHI","TB","","","","",""
"28509-6803","QB","Josh","Josh McCown","McCown","16.495384803185097","13","6000","NYJ@JAC","NYJ","JAC","","","","",""
"28509-44715","QB","Cooper","Cooper Rush","Rush","0.6899999976158142","2","6000","DET@DAL","DAL","DET","","","","",""
"28509-7872","QB","Brian","Brian Hoyer","Hoyer","6.7879997253417965","10","6000","MIA@NE","NE","MIA","","","","",""
"28509-41732","QB","Christian","Christian Hackenberg","Hackenberg","0","0","6000","CIN@ATL","CIN","ATL","","","","",""
"28509-25410","QB","Mike","Mike Glennon","Glennon","9.680000305175781","4","6000","SEA@ARI","ARI","SEA","","","","",""
"28509-28515","QB","Cardale","Cardale Jones","Jones","0","0","6000","SF@LAC","LAC","SF","","","","",""
"28509-41827","QB","Phillip","Phillip Walker","Walker","0","0","6000","HOU@IND","IND","HOU","","","","",""
"28509-26483","QB","Geno","Geno Smith","Smith","-0.10000000149011612","1","6000","SF@LAC","LAC","SF","","","","",""
"28509-39795","QB","Davis","Davis Webb","Webb","0","0","6000","NYJ@JAC","NYJ","JAC","","","","",""
"28509-38796","QB","J.T.","J.T. Barrett IV","Barrett IV","0","0","6000","NO@NYG","NO","NYG","","","","",""
"28509-29587","QB","Cody","Cody Kessler","Kessler","1.3133333524068196","3","6000","NYJ@JAC","JAC","NYJ","","","","",""
"28509-40857","RB","Peyton","Peyton Barber","Barber","4.533333460489909","3","6000","TB@CHI","TB","CHI","","","","",""
"28509-33702","QB","Ryan","Ryan Griffin","Griffin","0","0","6000","TB@CHI","TB","CHI","","","","",""
"28509-43956","QB","David","David Fales","Fales","10.199999809265137","2","6000","MIA@NE","MIA","NE","","","","",""
"28509-38837","QB","Danny","Danny Etling","Etling","0","0","6000","MIA@NE","NE","MIA","","","","",""
"28509-41966","QB","Luke","Luke Falk","Falk","0","0","6000","MIA@NE","MIA","NE","","","","",""
"28509-52560","WR","Geronimo","Geronimo Allison","Allison","13.133333841959635","3","5900","BUF@GB","GB","BUF","","","","",""
"28509-53640","RB","Sony","Sony Michel","Michel","5","2","5900","MIA@NE","NE","MIA","","","","",""
"28509-6893","WR","Jordy","Jordy Nelson","Nelson","11.366666158040365","3","5900","CLE@OAK","OAK","CLE","","","","",""
"28509-14320","RB","Bilal","Bilal Powell","Powell","10.266666412353516","3","5900","NYJ@JAC","NYJ","JAC","","","","",""
"28509-22113","RB","Alfred","Alfred Morris","Morris","7.833333333333333","3","5800","SF@LAC","SF","LAC","Q","Ankle","","",""
"28509-27338","RB","Rex","Rex Burkhead","Burkhead","4.399999936421712","3","5800","MIA@NE","NE","MIA","Q","Neck","","",""
"28509-40669","WR","Tyler","Tyler Boyd","Boyd","14.966667175292969","3","5800","CIN@ATL","CIN","ATL","","","","",""
"28509-54244","WR","Kenny","Kenny Golladay","Golladay","15.699999491373697","3","5800","DET@DAL","DET","DAL","","","","",""
"28509-14339","RB","Dion","Dion Lewis","Lewis","9.933333079020182","3","5700","PHI@TEN","TEN","PHI","","","","",""
"28509-63806","RB","Kerryon","Kerryon Johnson","Johnson","8.766666412353516","3","5700","DET@DAL","DET","DAL","","","","",""
"28509-57840","RB","Rashaad","Rashaad Penny","Penny","3.2666667302449546","3","5700","SEA@ARI","SEA","ARI","","","","",""
"28509-57909","RB","Marlon","Marlon Mack","Mack","4.099999904632568","1","5700","HOU@IND","IND","HOU","Q","Hamstring","","",""
"28509-39793","TE","George","George Kittle","Kittle","9.033333460489908","3","5700","SF@LAC","SF","LAC","","","","",""
"28509-79974","RB","Tarik","Tarik Cohen","Cohen","5.633333206176758","3","5600","TB@CHI","CHI","TB","","","","",""
"28509-39286","TE","O.J.","O.J. Howard","Howard","11.233333587646484","3","5600","TB@CHI","TB","CHI","","","","",""
"28509-30297","TE","Trey","Trey Burton","Burton","6.566666920979817","3","5600","TB@CHI","CHI","TB","","","","",""
"28509-22288","WR","Cole","Cole Beasley","Beasley","6.400000254313151","3","5600","DET@DAL","DAL","DET","","","","",""
"28509-33260","WR","DeVante","DeVante Parker","Parker","5","1","5500","MIA@NE","MIA","NE","","","","",""
"28509-32243","WR","Marquise","Marquise Goodwin","Goodwin","5.150000095367432","2","5500","SF@LAC","SF","LAC","","","","",""
"28509-40442","RB","Aaron","Aaron Jones","Jones","5.199999809265137","1","5500","BUF@GB","GB","BUF","","","","",""
"28509-11779","RB","LeGarrette","LeGarrette Blount","Blount","3.7333332697550454","3","5500","DET@DAL","DET","DAL","","","","",""
"28509-11864","RB","Chris","Chris Ivory","Ivory","8.200000127156576","3","5500","BUF@GB","BUF","GB","","","","",""
"28509-6759","WR","Brandon","Brandon Marshall","Marshall","7.5","3","5500","SEA@ARI","SEA","ARI","","","","",""
"28509-38509","RB","Wendell","Wendell Smallwood","Smallwood","9.050000190734863","2","5500","PHI@TEN","PHI","TEN","","","","",""
"28509-25272","TE","Eric","Eric Ebron","Ebron","9.666666666666666","3","5500","HOU@IND","IND","HOU","","","","",""
"28509-41872","TE","Evan","Evan Engram","Engram","7.133333206176758","3","5500","NO@NYG","NYG","NO","O","Knee - mcl","","",""
"28509-62535","WR","Tyrell","Tyrell Williams","Williams","6.233333587646484","3","5400","SF@LAC","LAC","SF","","","","",""
"28509-25760","WR","Allen","Allen Hurns","Hurns","2.366666634877523","3","5400","DET@DAL","DAL","DET","","","","",""
"28509-25813","WR","Phillip","Phillip Dorsett","Dorsett","7.666666666666667","3","5400","MIA@NE","NE","MIA","Q","Knee","","",""
"28509-45439","WR","Corey","Corey Davis","Davis","7.200000127156575","3","5400","PHI@TEN","TEN","PHI","","","","",""
"28509-60858","WR","Christian","Christian Kirk","Kirk","6.033333460489909","3","5400","SEA@ARI","ARI","SEA","","","","",""
"28509-45631","RB","Jamaal","Jamaal Williams","Williams","6.266666412353516","3","5400","BUF@GB","GB","BUF","","","","",""
"28509-7761","TE","Jared","Jared Cook","Cook","11.666666666666666","3","5400","CLE@OAK","OAK","CLE","","","","",""
"28509-26251","WR","Robby","Robby Anderson","Anderson","4.366666793823242","3","5400","NYJ@JAC","NYJ","JAC","","","","",""
"28509-33465","RB","Theo","Theo Riddick","Riddick","6.766666412353516","3","5400","DET@DAL","DET","DAL","","","","",""
"28509-26458","WR","Tavon","Tavon Austin","Austin","8.666666666666666","3","5400","DET@DAL","DAL","DET","","","","",""
"28509-41936","WR","Anthony","Anthony Miller","Miller","5.333333333333333","3","5400","TB@CHI","CHI","TB","Q","Shoulder","","",""
"28509-40977","TE","Ricky","Ricky Seals-Jones","Seals-Jones","5.700000127156575","3","5300","SEA@ARI","ARI","SEA","","","","",""
"28509-31836","WR","Terrance","Terrance Williams","Williams","1.399999976158142","2","5300","DET@DAL","DAL","DET","","","","",""
"28509-63591","RB","Ronald","Ronald Jones II","Jones II","0","0","5300","TB@CHI","TB","CHI","","","","",""
"28509-56708","TE","Will","Will Dissly","Dissly","10.200000127156576","3","5300","SEA@ARI","SEA","ARI","","","","",""
"28509-6607","WR","Mike","Mike Wallace","Wallace","0","1","5300","PHI@TEN","PHI","TEN","IR","Lower leg","","",""
"28509-22018","WR","Mohamed","Mohamed Sanu","Sanu","6.633333206176758","3","5300","CIN@ATL","ATL","CIN","","","","",""
"28509-40758","RB","Corey","Corey Clement","Clement","9.533333460489908","3","5300","PHI@TEN","PHI","TEN","","","","",""
"28509-41867","RB","Jordan","Jordan Wilkins","Wilkins","6","3","5300","HOU@IND","IND","HOU","","","","",""
"28509-55335","TE","David","David Njoku","Njoku","3.7999998728434243","3","5200","CLE@OAK","CLE","OAK","","","","",""
"28509-24675","WR","Martavis","Martavis Bryant","Bryant","4.699999809265137","2","5200","CLE@OAK","OAK","CLE","","","","",""
"28509-12554","D","Jacksonville","Jacksonville Jaguars","Jaguars","8.333333333333334","3","5200","NYJ@JAC","JAC","NYJ","","","","",""
"28509-24929","WR","Kelvin","Kelvin Benjamin","Benjamin","4.933333396911621","3","5200","BUF@GB","BUF","GB","","","","",""
"28509-60910","WR","Dede","Dede Westbrook","Westbrook","9.266666412353516","3","5200","NYJ@JAC","JAC","NYJ","","","","",""
"28509-7870","TE","Benjamin","Benjamin Watson","Watson","6.466666539510091","3","5200","NO@NYG","NO","NYG","","","","",""
"28509-39859","TE","Jack","Jack Doyle","Doyle","5.25","2","5200","HOU@IND","IND","HOU","Q","Hip","","",""
"28509-29734","RB","Ty","Ty Montgomery","Montgomery","5.900000254313151","3","5100","BUF@GB","GB","BUF","","","","",""
"28509-21970","RB","Doug","Doug Martin","Martin","3.2999998728434243","3","5100","CLE@OAK","OAK","CLE","","","","",""
"28509-31269","RB","Corey","Corey Grant","Grant","3.8999999364217124","3","5100","NYJ@JAC","JAC","NYJ","","","","",""
"28509-6774","WR","Pierre","Pierre Garcon","Garcon","4.133333206176758","3","5100","SF@LAC","SF","LAC","","","","",""
"28509-15212","WR","Terrelle","Terrelle Pryor","Pryor","6.599999745686849","3","5100","NYJ@JAC","NYJ","JAC","","","","",""
"28509-33703","WR","Ryan","Ryan Grant","Grant","8.299999872843424","3","5100","HOU@IND","IND","HOU","","","","",""
"28509-32703","WR","Jakeem","Jakeem Grant","Grant","12.166666666666666","3","5100","MIA@NE","MIA","NE","","","","",""
"28509-83081","RB","Chase","Chase Edmonds","Edmonds","4.100000063578288","3","5000","SEA@ARI","ARI","SEA","","","","",""
"28509-63625","RB","Nyheim","Nyheim Hines","Hines","7.5","3","5000","HOU@IND","IND","HOU","","","","",""
"28509-40126","TE","Austin","Austin Hooper","Hooper","8.033333460489908","3","5000","CIN@ATL","ATL","CIN","","","","",""
"28509-48344","WR","Albert","Albert Wilson","Wilson","12.593332926432291","3","5000","MIA@NE","MIA","NE","","","","",""
"28509-54753","WR","Taylor","Taylor Gabriel","Gabriel","6.033333460489909","3","5000","TB@CHI","CHI","TB","","","","",""
"28509-27229","RB","Ameer","Ameer Abdullah","Abdullah","7.992857251848493","14","5000","DET@DAL","DET","DAL","","","","",""
"28509-22163","WR","Rishard","Rishard Matthews","Matthews","0.8666666348775228","3","5000","PHI@TEN","TEN","PHI","","","","",""
"28509-31406","RB","Alfred","Alfred Blue","Blue","5.133333206176758","3","5000","HOU@IND","HOU","IND","","","","",""
"28509-6840","RB","Frank","Frank Gore","Gore","4.066666603088379","3","5000","MIA@NE","MIA","NE","","","","",""
"28509-22219","WR","Jermaine","Jermaine Kearse","Kearse","2.700000047683716","2","5000","NYJ@JAC","NYJ","JAC","","","","",""
"28509-7972","RB","Darren","Darren Sproles","Sproles","5.199999809265137","1","5000","PHI@TEN","PHI","TEN","Q","Hamstring","","",""
"28509-31561","WR","Donte","Donte Moncrief","Moncrief","4.633333206176758","3","5000","NYJ@JAC","JAC","NYJ","","","","",""
"28509-28545","RB","Rod","Rod Smith","Smith","0.5","1","5000","DET@DAL","DAL","DET","","","","",""
"28509-62538","WR","Cameron","Cameron Meredith","Meredith","7.599999904632568","1","4900","NO@NYG","NO","NYG","","","","",""
"28509-70372","WR","Chester","Chester Rogers","Rogers","2.9666665395100913","3","4900","HOU@IND","IND","HOU","","","","",""
"28509-30837","WR","Jordan","Jordan Matthews","Matthews","3.0999999046325684","1","4800","PHI@TEN","PHI","TEN","","","","",""
"28509-25837","RB","Duke","Duke Johnson Jr.","Johnson Jr.","3.1000000635782876","3","4800","CLE@OAK","CLE","OAK","","","","",""
"28509-54741","WR","Seth","Seth Roberts","Roberts","6.699999809265137","2","4800","CLE@OAK","OAK","CLE","","","","",""
"28509-22035","WR","Travis","Travis Benjamin","Benjamin","2.5","1","4800","SF@LAC","LAC","SF","Q","Foot","","",""
"28509-53913","WR","Cody","Cody Hollister","Hollister","0","0","4800","MIA@NE","NE","MIA","O","Back","","",""
"28509-7965","TE","Antonio","Antonio Gates","Gates","3.5333334604899087","3","4800","SF@LAC","LAC","SF","","","","",""
"28509-53562","RB","Nick","Nick Chubb","Chubb","1.3666666348775227","3","4700","CLE@OAK","CLE","OAK","","","","",""
"28509-41305","WR","Zay","Zay Jones","Jones","4.533333460489909","3","4700","BUF@GB","BUF","GB","","","","",""
"28509-22898","RB","Brandon","Brandon Bolden","Bolden","2.633333365122477","3","4700","MIA@NE","MIA","NE","","","","",""
"28509-22959","WR","Deonte","Deonte Thompson","Thompson","4.266666730244954","3","4700","DET@DAL","DAL","DET","","","","",""
"28509-31207","TE","C.J.","C.J. Uzomah","Uzomah","5.266666730244954","3","4700","CIN@ATL","CIN","ATL","","","","",""
"28509-41475","WR","John","John Ross","Ross","3.633333206176758","3","4700","CIN@ATL","CIN","ATL","","","","",""
"28509-6733","RB","Jonathan","Jonathan Stewart","Stewart","0.5666666825612386","3","4700","NO@NYG","NYG","NO","","","","",""
"28509-32418","RB","Christine","Christine Michael","Michael","0.8999999761581421","1","4700","HOU@IND","IND","HOU","","","","",""
"28509-30733","WR","Cordarrelle","Cordarrelle Patterson","Patterson","2.633333365122477","3","4600","MIA@NE","NE","MIA","","","","",""
"28509-14362","TE","Charles","Charles Clay","Clay","2.2333332697550454","3","4600","BUF@GB","BUF","GB","","","","",""
"28509-24671","WR","Adam","Adam Humphries","Humphries","3.4666665395100913","3","4600","TB@CHI","TB","CHI","","","","",""
"28509-79983","RB","De'Angelo","De'Angelo Henderson","Henderson","3.9666665395100913","3","4600","NYJ@JAC","NYJ","JAC","","","","",""
"28509-83074","TE","Dallas","Dallas Goedert","Goedert","8.850000381469727","2","4600","PHI@TEN","PHI","TEN","","","","",""
"28509-11495","WR","Brandon","Brandon LaFell","LaFell","6.175000190734863","16","4600","CLE@OAK","OAK","CLE","","","","",""
"28509-12545","D","Philadelphia","Philadelphia Eagles","Eagles","6.333333333333333","3","4600","PHI@TEN","PHI","TEN","","","","",""
"28509-69956","WR","Michael","Michael Gallup","Gallup","1.5333333015441895","3","4600","DET@DAL","DAL","DET","","","","",""
"28509-34154","WR","J.J.","J.J. Nelson","Nelson","0","2","4600","SEA@ARI","ARI","SEA","","","","",""
"28509-33137","WR","Justin","Justin Hardy","Hardy","0","3","4600","CIN@ATL","ATL","CIN","","","","",""
"28509-56698","WR","Dante","Dante Pettis","Pettis","5.700000127156575","3","4600","SF@LAC","SF","LAC","","","","",""
"28509-16923","TE","Austin","Austin Seferian-Jenkins","Seferian-Jenkins","5.700000127156575","3","4600","NYJ@JAC","JAC","NYJ","","","","",""
"28509-30237","RB","Mike","Mike Gillislee","Gillislee","0.5666666825612386","3","4600","NO@NYG","NO","NYG","","","","",""
"28509-33472","RB","C.J.","C.J. Prosise","Prosise","3.700000047683716","1","4600","SEA@ARI","SEA","ARI","Q","Groin","","",""
"28509-52931","RB","Elijhaa","Elijhaa Penny","Penny","4.314285823277065","7","4600","NO@NYG","NYG","NO","","","","",""
"28509-33557","TE","Tyler","Tyler Eifert","Eifert","6.533333460489909","3","4600","CIN@ATL","CIN","ATL","","","","",""
"28509-33578","RB","Jalen","Jalen Richard","Richard","7.200000127156575","3","4600","CLE@OAK","OAK","CLE","","","","",""
"28509-39818","RB","Wayne","Wayne Gallman Jr.","Gallman Jr.","2.0333333015441895","3","4600","NO@NYG","NYG","NO","","","","",""
"28509-8117","WR","Danny","Danny Amendola","Amendola","5.166666666666667","3","4600","MIA@NE","MIA","NE","","","","",""
"28509-30709","WR","Bruce","Bruce Ellington","Ellington","6.400000254313151","3","4600","HOU@IND","HOU","IND","IR","Hamstring","","",""
"28509-14336","RB","Jacquizz","Jacquizz Rodgers","Rodgers","2.866666793823242","3","4500","TB@CHI","TB","CHI","","","","",""
"28509-46088","RB","Jhurell","Jhurell Pressley","Pressley","0","0","4500","NO@NYG","NYG","NO","","","","",""
"28509-24589","WR","Jaron","Jaron Brown","Brown","5.266666730244954","3","4500","SEA@ARI","SEA","ARI","","","","",""
"28509-23569","TE","Rico","Rico Gathers","Gathers","0","1","4500","DET@DAL","DAL","DET","","","","",""
"28509-14358","WR","Dwayne","Dwayne Harris","Harris","1.0499999523162842","2","4500","CLE@OAK","OAK","CLE","","","","",""
"28509-32804","WR","Dres","Dres Anderson","Anderson","0","0","4500","DET@DAL","DAL","DET","","","","",""
"28509-56356","WR","Isaiah","Isaiah Ford","Ford","0","0","4500","MIA@NE","MIA","NE","","","","",""
"28509-56358","WR","Cam","Cam Phillips","Phillips","0","0","4500","BUF@GB","BUF","GB","","","","",""
"28509-24621","WR","Charone","Charone Peake","Peake","0.800000011920929","1","4500","NYJ@JAC","NYJ","JAC","Q","Hamstring","","",""
"28509-25654","RB","Tommy","Tommy Bohanon","Bohanon","1","1","4500","NYJ@JAC","JAC","NYJ","","","","",""
"28509-28744","RB","Raheem","Raheem Mostert","Mostert","1.2999999523162842","1","4500","SF@LAC","SF","LAC","","","","",""
"28509-41042","WR","Marcell","Marcell Ateman","Ateman","0","0","4500","CLE@OAK","OAK","CLE","","","","",""
"28509-57432","WR","Cameron","Cameron Batson","Batson","0","0","4500","PHI@TEN","TEN","PHI","","","","",""
"28509-79972","WR","Chad","Chad Williams","Williams","0.4333333174387614","3","4500","SEA@ARI","ARI","SEA","","","","",""
"28509-65646","WR","Julian","Julian Williams","Williams","0","0","4500","CIN@ATL","ATL","CIN","","","","",""
"28509-79987","WR","David","David Moore","Moore","0","1","4500","SEA@ARI","SEA","ARI","","","","",""
"28509-52345","WR","Brandon","Brandon Powell","Powell","0","0","4500","DET@DAL","DET","DAL","","","","",""
"28509-27771","WR","Cody","Cody Latimer","Latimer","2.366666634877523","3","4500","NO@NYG","NYG","NO","","","","",""
"28509-42107","WR","Robert","Robert Foster","Foster","1.3333333333333333","3","4500","BUF@GB","BUF","GB","","","","",""
"28509-84098","WR","Jawill","Jawill Davis","Davis","0","0","4500","NO@NYG","NYG","NO","","","","",""
"28509-84101","WR","Vyncint","Vyncint Smith","Smith","1.649999976158142","2","4500","HOU@IND","HOU","IND","","","","",""
"28509-83083","WR","Justin","Justin Watson","Watson","0","0","4500","TB@CHI","TB","CHI","","","","",""
"28509-53390","WR","Zach","Zach Pascal","Pascal","1.0333333015441895","3","4500","HOU@IND","IND","HOU","","","","",""
"28509-83086","WR","Reece","Reece Fountain","Fountain","0","0","4500","HOU@IND","IND","HOU","","","","",""
"28509-83091","RB","Trenton","Trenton Cannon","Cannon","2.5999999046325684","1","4500","NYJ@JAC","NYJ","JAC","","","","",""
"28509-52371","RB","Kalen","Kalen Ballage","Ballage","0","0","4500","MIA@NE","MIA","NE","","","","",""
"28509-28827","RB","Dare","Dare Ogunbowale","Ogunbowale","0","0","4500","TB@CHI","TB","CHI","","","","",""
"28509-84122","RB","Detrez","Detrez Newsome","Newsome","0","1","4500","SF@LAC","LAC","SF","","","","",""
"28509-84124","WR","J.J.","J.J. Jones","Jones","-0.6666666666666666","3","4500","SF@LAC","LAC","SF","","","","",""
"28509-46244","RB","Donnel","Donnel Pumphrey","Pumphrey","0","0","4500","DET@DAL","DET","DAL","","","","",""
"28509-62628","WR","DeAndre","DeAndre Carter","Carter","1.5","1","4500","PHI@TEN","PHI","TEN","","","","",""
"28509-65706","WR","Deontay","Deontay Burnett","Burnett","0","0","4500","NYJ@JAC","NYJ","JAC","","","","",""
"28509-83122","WR","Dorren","Dorren Miller","Miller","0","0","4500","PHI@TEN","PHI","TEN","","","","",""
"28509-52410","WR","Josh","Josh Malone","Malone","0.8500000238418579","2","4500","CIN@ATL","CIN","ATL","","","","",""
"28509-83136","WR","Jalen","Jalen Tolliver","Tolliver","0","0","4500","SEA@ARI","ARI","SEA","","","","",""
"28509-41155","RB","Taquan","Taquan Mizzell","Mizzell","0","0","4500","TB@CHI","CHI","TB","","","","",""
"28509-28890","RB","Derek","Derek Watt","Watt","0.10000000149011612","1","4500","SF@LAC","LAC","SF","","","","",""
"28509-55514","RB","Buddy","Buddy Howell","Howell","0","0","4500","HOU@IND","HOU","IND","","","","",""
"28509-22754","TE","Garrett","Garrett Celek","Celek","5.199999809265137","2","4500","SF@LAC","SF","LAC","","","","",""
"28509-40164","WR","Shelton","Shelton Gibson","Gibson","0","2","4500","PHI@TEN","PHI","TEN","","","","",""
"28509-64744","RB","Josh","Josh Adams","Adams","3","1","4500","PHI@TEN","PHI","TEN","","","","",""
"28509-40170","WR","Stacy","Stacy Coley","Coley","0","2","4500","NO@NYG","NYG","NO","","","","",""
"28509-28907","WR","Alex","Alex Erickson","Erickson","0","3","4500","CIN@ATL","CIN","ATL","","","","",""
"28509-11504","WR","Andre","Andre Roberts","Roberts","2.066666603088379","3","4500","NYJ@JAC","NYJ","JAC","","","","",""
"28509-45299","RB","David","David Fluellen","Fluellen","0.6999999682108561","3","4500","PHI@TEN","TEN","PHI","Q","Groin","","",""
"28509-53498","WR","Richie","Richie James Jr.","James Jr.","0","0","4500","SF@LAC","SF","LAC","","","","",""
"28509-29949","WR","Marvin","Marvin Hall","Hall","2.3499999046325684","2","4500","CIN@ATL","ATL","CIN","","","","",""
"28509-45309","WR","Alonzo","Alonzo Russell","Russell","0","0","4500","NO@NYG","NYG","NO","","","","",""
"28509-32000","TE","Luke","Luke Willson","Willson","1.2666666507720947","3","4500","DET@DAL","DET","DAL","","","","",""
"28509-55552","RB","Jeff","Jeff Wilson","Wilson","0","0","4500","SF@LAC","SF","LAC","","","","",""
"28509-56580","WR","Christian","Christian Blake","Blake","0","0","4500","CIN@ATL","ATL","CIN","","","","",""
"28509-41221","WR","Andre","Andre Patton","Patton","0","0","4500","SF@LAC","LAC","SF","","","","",""
"28509-22800","RB","Derrick","Derrick Coleman","Coleman","0.8999999761581421","2","4500","SEA@ARI","ARI","SEA","","","","",""
"28509-34073","TE","Ryan","Ryan Griffin","Griffin","2.6000000635782876","3","4500","HOU@IND","HOU","IND","","","","",""
"28509-68890","WR","Devin","Devin Gray","Gray","0","0","4500","CIN@ATL","ATL","CIN","","","","",""
"28509-24862","WR","Rashad","Rashad Greene Sr.","Greene Sr.","0","0","4500","NYJ@JAC","JAC","NYJ","","","","",""
"28509-29985","WR","Jaydon","Jaydon Mickens","Mickens","0","3","4500","NYJ@JAC","JAC","NYJ","","","","",""
"28509-46374","WR","Tanner","Tanner Gentry","Gentry","1.25","4","4500","TB@CHI","CHI","TB","","","","",""
"28509-27947","WR","Riley","Riley McCarron","McCarron","-2","1","4500","MIA@NE","NE","MIA","","","","",""
"28509-62791","RB","Mark","Mark Walton","Walton","0","0","4500","CIN@ATL","CIN","ATL","","","","",""
"28509-64841","WR","Equanimeous","Equanimeous St. Brown","St. Brown","0","0","4500","BUF@GB","GB","BUF","","","","",""
"28509-34125","WR","Geremy","Geremy Davis","Davis","0","0","4500","SF@LAC","LAC","SF","","","","",""
"28509-14683","RB","Patrick","Patrick DiMarco","DiMarco","2.9000000953674316","1","4500","BUF@GB","BUF","GB","","","","",""
"28509-40298","WR","Derrick","Derrick Willies","Willies","0","0","4500","CLE@OAK","CLE","OAK","","","","",""
"28509-55689","RB","Ito","Ito Smith","Smith","5.449999809265137","2","4500","CIN@ATL","ATL","CIN","","","","",""
"28509-43416","WR","Trent","Trent Taylor","Taylor","2.8999999364217124","3","4500","SF@LAC","SF","LAC","","","","",""
"28509-80289","WR","Kendrick","Kendrick Bourne","Bourne","3.366666793823242","3","4500","SF@LAC","SF","LAC","","","","",""
"28509-54690","WR","Freddie","Freddie Martino","Martino","0","1","4500","TB@CHI","TB","CHI","","","","",""
"28509-47523","WR","Tajae","Tajae Sharpe","Sharpe","1.8999999364217122","3","4500","PHI@TEN","TEN","PHI","","","","",""
"28509-80294","TE","Anthony","Anthony Firkser","Firkser","0","0","4500","PHI@TEN","TEN","PHI","","","","",""
"28509-14761","WR","Andre","Andre Holmes","Holmes","2.1000000635782876","3","4500","BUF@GB","BUF","GB","","","","",""
"28509-43433","RB","Boston","Boston Scott","Scott","0","0","4500","NO@NYG","NO","NYG","","","","",""
"28509-26038","TE","Tyler","Tyler Kroft","Kroft","1.8666666348775227","3","4500","CIN@ATL","CIN","ATL","","","","",""
"28509-32185","RB","Zach","Zach Line","Line","2.8333333333333335","3","4500","NO@NYG","NO","NYG","","","","",""
"28509-26045","WR","Leonte","Leonte Carroo","Carroo","2.5999999046325684","4","4500","MIA@NE","MIA","NE","","","","",""
"28509-60861","WR","Damion","Damion Ratley","Ratley","0","0","4500","CLE@OAK","CLE","OAK","","","","",""
"28509-53697","WR","Kaelin","Kaelin Clay","Clay","-1","2","4500","NO@NYG","NYG","NO","","","","",""
"28509-55750","WR","Chris","Chris Lacy","Lacy","0","0","4500","DET@DAL","DET","DAL","","","","",""
"28509-26057","RB","Michael","Michael Burton","Burton","1.100000023841858","1","4500","TB@CHI","CHI","TB","","","","",""
"28509-28106","RB","Joe","Joe Kerridge","Kerridge","0.800000011920929","1","4500","BUF@GB","GB","BUF","","","","",""
"28509-31184","RB","Jonathan","Jonathan Williams","Williams","0.20000000794728598","3","4500","NO@NYG","NO","NYG","","","","",""
"28509-27096","WR","Marcus","Marcus Lucas","Lucas","0","0","4500","SEA@ARI","SEA","ARI","","","","",""
"28509-40410","WR","Josh","Josh Smith","Smith","0","0","4500","NO@NYG","NO","NYG","","","","",""
"28509-80353","TE","Robert","Robert Tonyan","Tonyan","0","0","4500","BUF@GB","GB","BUF","","","","",""
"28509-14820","RB","Nick","Nick Bellore","Bellore","0","1","4500","DET@DAL","DET","DAL","","","","",""
"28509-56809","WR","Allen","Allen Lazard","Lazard","0","0","4500","NYJ@JAC","JAC","NYJ","","","","",""
"28509-32235","WR","Marcus","Marcus Johnson","Johnson","-0.20000000298023224","1","4500","HOU@IND","IND","HOU","","","","",""
"28509-40434","WR","Greg","Greg Ward Jr.","Ward Jr.","0","0","4500","PHI@TEN","PHI","TEN","","","","",""
"28509-41459","RB","Keith","Keith Ford","Ford","0","0","4500","BUF@GB","BUF","GB","","","","",""
"28509-54782","TE","Cameron","Cameron Brate","Brate","5.449999809265137","2","4500","TB@CHI","TB","CHI","","","","",""
"28509-39428","RB","Kyle","Kyle Juszczyk","Juszczyk","6.566666920979817","3","4500","SF@LAC","SF","LAC","","","","",""
"28509-23046","RB","Jamize","Jamize Olawale","Olawale","2.7666667302449546","6","4500","DET@DAL","DAL","DET","","","","",""
"28509-31241","WR","Sammie","Sammie Coates Jr.","Coates Jr.","0","1","4500","HOU@IND","HOU","IND","Q","Hamstring","","",""
"28509-6672","TE","Marcedes","Marcedes Lewis","Lewis","0","1","4500","BUF@GB","GB","BUF","","","","",""
"28509-33320","RB","Senorise","Senorise Perry","Perry","0.7599999904632568","5","4500","MIA@NE","MIA","NE","","","","",""
"28509-46633","WR","Keenan","Keenan Reynolds","Reynolds","0","0","4500","SEA@ARI","SEA","ARI","","","","",""
"28509-57900","RB","Quinton","Quinton Flowers","Flowers","0","0","4500","CIN@ATL","CIN","ATL","","","","",""
"28509-14905","WR","Kamar","Kamar Aiken","Aiken","6.400000095367432","1","4500","PHI@TEN","PHI","TEN","","","","",""
"28509-27199","RB","Marcus","Marcus Murphy","Murphy","2.933333396911621","3","4500","BUF@GB","BUF","GB","","","","",""
"28509-12872","RB","James","James Develin","Develin","1.3999999364217122","3","4500","MIA@NE","NE","MIA","","","","",""
"28509-52808","RB","Dontrell","Dontrell Hilliard","Hilliard","0","0","4500","CLE@OAK","CLE","OAK","","","","",""
"28509-32331","RB","Tra","Tra Carson","Carson","0","0","4500","CIN@ATL","CIN","ATL","IR","Hamstring","","",""
"28509-47695","RB","Jordan","Jordan Chunn","Chunn","0","0","4500","DET@DAL","DAL","DET","","","","",""
"28509-41552","WR","Dylan","Dylan Cantrell","Cantrell","0","0","4500","SF@LAC","LAC","SF","","","","",""
"28509-31329","WR","Russell","Russell Shepard","Shepard","0","1","4500","NO@NYG","NYG","NO","","","","",""
"28509-56931","RB","Robert","Robert Martin","Martin","0","0","4500","NO@NYG","NYG","NO","","","","",""
"28509-62055","WR","Ray-Ray","Ray-Ray McCloud III","McCloud III","1.100000023841858","1","4500","BUF@GB","BUF","GB","","","","",""
"28509-55912","WR","Saeed","Saeed Blacknall","Blacknall","0","0","4500","CLE@OAK","OAK","CLE","","","","",""
"28509-38514","WR","Kevin","Kevin White","White","1.600000023841858","1","4500","TB@CHI","CHI","TB","","","","",""
"28509-40602","WR","Kermit","Kermit Whitfield","Whitfield","0","0","4500","CIN@ATL","CIN","ATL","","","","",""
"28509-80546","TE","Dan","Dan Arnold","Arnold","0","0","4500","NO@NYG","NO","NYG","","","","",""
"28509-40612","WR","Bobo","Bobo Wilson","Wilson","3.0333334604899087","3","4500","TB@CHI","TB","CHI","","","","",""
"28509-47780","WR","Taywan","Taywan Taylor","Taylor","5.233333269755046","3","4500","PHI@TEN","TEN","PHI","","","","",""
"28509-29357","RB","Kenjon","Kenjon Barner","Barner","1.523076864389273","13","4500","MIA@NE","NE","MIA","","","","",""
"28509-7856","WR","Matthew","Matthew Slater","Slater","0","0","4500","MIA@NE","NE","MIA","","","","",""
"28509-52916","WR","Russell","Russell Gage","Gage","0","0","4500","CIN@ATL","ATL","CIN","","","","",""
"28509-52917","WR","D.J.","D.J. Chark Jr.","Chark Jr.","-0.10000000149011612","2","4500","NYJ@JAC","JAC","NYJ","","","","",""
"28509-71359","WR","Javon","Javon Wims","Wims","0","0","4500","TB@CHI","CHI","TB","","","","",""
"28509-70341","WR","Moritz","Moritz Boehringer","Boehringer","0","0","4500","CIN@ATL","CIN","ATL","","","","",""
"28509-40647","WR","Marquez","Marquez Valdes-Scantling","Valdes-Scantling","0.26666667064030963","3","4500","BUF@GB","GB","BUF","","","","",""
"28509-80584","WR","Lance","Lance Lenoir","Lenoir","0","0","4500","DET@DAL","DAL","DET","","","","",""
"28509-81616","WR","Rashard","Rashard Davis","Davis","0","0","4500","PHI@TEN","PHI","TEN","","","","",""
"28509-45791","WR","Rashard","Rashard Higgins","Higgins","5.400000254313151","3","4500","CLE@OAK","CLE","OAK","","","","",""
"28509-38624","RB","T.J.","T.J. Logan","Logan","0","1","4500","SEA@ARI","ARI","SEA","","","","",""
"28509-39649","RB","Benny","Benny Cunningham","Cunningham","0.699999988079071","2","4500","TB@CHI","CHI","TB","","","","",""
"28509-40674","WR","Jester","Jester Weah","Weah","0","0","4500","HOU@IND","HOU","IND","","","","",""
"28509-57064","RB","Ryan","Ryan Nall","Nall","0","0","4500","TB@CHI","CHI","TB","","","","",""
"28509-44784","RB","Darius","Darius Jackson","Jackson","0","0","4500","BUF@GB","GB","BUF","","","","",""
"28509-64242","WR","Keke","Keke Coutee","Coutee","0","0","4500","HOU@IND","HOU","IND","Q","Hamstring","","",""
"28509-56051","WR","Caleb","Caleb Scott","Scott","0","0","4500","SEA@ARI","SEA","ARI","","","","",""
"28509-56059","WR","Trent","Trent Sherfield","Sherfield","0","0","4500","SEA@ARI","ARI","SEA","","","","",""
"28509-56064","RB","Bo","Bo Scarbrough","Scarbrough","0","0","4500","DET@DAL","DAL","DET","","","","",""
"28509-45835","WR","Da'Mari","Da'Mari Scott","Scott","0","0","4500","CLE@OAK","CLE","OAK","","","","",""
"28509-33552","WR","TJ","TJ Jones","Jones","1","2","4500","DET@DAL","DET","DAL","","","","",""
"28509-97046","WR","Frank","Frank Stephens","Stephens","0","0","4500","SF@LAC","SF","LAC","","","","",""
"28509-29466","RB","Ricky","Ricky Ortiz","Ortiz","0","0","4500","CIN@ATL","ATL","CIN","","","","",""
"28509-31524","WR","Cody","Cody Core","Core","0","2","4500","CIN@ATL","CIN","ATL","","","","",""
"28509-28463","WR","Austin","Austin Carr","Carr","2","3","4500","NO@NYG","NO","NYG","","","","",""
"28509-55088","WR","Malik","Malik Turner","Turner","0","0","4500","SEA@ARI","SEA","ARI","","","","",""
"28509-43826","WR","Tommylee","Tommylee Lewis","Lewis","0","2","4500","NO@NYG","NO","NYG","IR","Knee","","",""
"28509-22336","WR","Josh","Josh Bellamy","Bellamy","0.8999999761581421","2","4500","TB@CHI","CHI","TB","","","","",""
"28509-55113","RB","Shaun","Shaun Wilson","Wilson","1.1333333651224773","3","4500","TB@CHI","TB","CHI","","","","",""
"28509-64339","WR","Auden","Auden Tate","Tate","0","0","4500","CIN@ATL","CIN","ATL","","","","",""
"28509-58202","RB","Ryan","Ryan Yurachek","Yurachek","0","0","4500","CLE@OAK","OAK","CLE","","","","",""
"28509-43870","RB","Joel","Joel Bouagnon","Bouagnon","0","0","4500","BUF@GB","GB","BUF","","","","",""
"28509-32613","RB","DeAndre","DeAndre Washington","Washington","4.533333333333333","15","4500","CLE@OAK","OAK","CLE","","","","",""
"28509-55153","RB","Garrett","Garrett Dickerson","Dickerson","0","0","4500","NO@NYG","NYG","NO","","","","",""
"28509-55165","RB","Justin","Justin Jackson","Jackson","0","0","4500","SF@LAC","LAC","SF","","","","",""
"28509-63360","WR","Antonio","Antonio Callaway","Callaway","6.766666412353516","3","4500","CLE@OAK","CLE","OAK","","","","",""
"28509-41857","RB","Dalyn","Dalyn Dawkins","Dawkins","0","0","4500","PHI@TEN","TEN","PHI","","","","",""
"28509-40866","WR","J'Mon","J'Mon Moore","Moore","0","0","4500","BUF@GB","GB","BUF","","","","",""
"28509-25513","WR","Darius","Darius Jennings","Jennings","3.5999999046325684","2","4500","PHI@TEN","TEN","PHI","","","","",""
"28509-34729","RB","Dwayne","Dwayne Washington","Washington","1.3600000381469726","5","4500","NO@NYG","NO","NYG","","","","",""
"28509-56233","WR","Steve","Steve Ishmael","Ishmael","0","0","4500","HOU@IND","IND","HOU","","","","",""
"28509-30635","RB","Mike","Mike Davis","Davis","0.949999988079071","2","4500","SEA@ARI","SEA","ARI","","","","",""
"28509-45997","WR","Keith","Keith Kirkwood","Kirkwood","0","0","4500","NO@NYG","NO","NYG","","","","",""
"28509-29624","RB","Tre","Tre Madden","Madden","0.699999988079071","2","4500","SEA@ARI","SEA","ARI","","","","",""
"28509-43961","RB","Tyler","Tyler Ervin","Ervin","0.5666666825612386","3","4500","HOU@IND","HOU","IND","","","","",""
"28509-30652","WR","Tanner","Tanner McEvoy","McEvoy","1.5428571701049805","7","4500","MIA@NE","MIA","NE","","","","",""
"28509-43970","RB","Shane","Shane Smith","Smith","0","0","4500","NO@NYG","NYG","NO","","","","",""
"28509-43973","RB","Keith","Keith Smith","Smith","1.4500000476837158","2","4500","CLE@OAK","OAK","CLE","","","","",""
"28509-55257","WR","Steven","Steven Dunbar","Dunbar","0","0","4500","SF@LAC","SF","LAC","","","","",""
"28509-30684","RB","Brandon","Brandon Wilds","Wilds","0.44999998807907104","2","4500","NYJ@JAC","JAC","NYJ","","","","",""
"28509-14319","RB","Taiwan","Taiwan Jones","Jones","0","1","4500","BUF@GB","BUF","GB","","","","",""
"28509-40948","RB","Ralph","Ralph Webb","Webb","0","0","4500","MIA@NE","NE","MIA","","","","",""
"28509-39930","WR","Reggie","Reggie Davis","Davis","0","0","4500","PHI@TEN","PHI","TEN","","","","",""
"28509-57342","WR","Tre'Quan","Tre'Quan Smith","Smith","1.149999976158142","2","4500","NO@NYG","NO","NYG","","","","",""
"28509-11431","TE","Jermaine","Jermaine Gresham","Gresham","1.399999976158142","1","4400","SEA@ARI","ARI","SEA","","","","",""
"28509-12548","D","Los Angeles","Los Angeles Chargers","Chargers","4.666666666666667","3","4400","SF@LAC","LAC","SF","","","","",""
"28509-12550","D","Seattle","Seattle Seahawks","Seahawks","9.666666666666666","3","4400","SEA@ARI","SEA","ARI","","","","",""
"28509-39305","TE","A.J.","A.J. Derby","Derby","5.25","2","4400","MIA@NE","MIA","NE","Q","Foot","","",""
"28509-22004","TE","Dwayne","Dwayne Allen","Allen","1.6333333651224773","12","4400","MIA@NE","NE","MIA","","","","",""
"28509-70335","TE","Seth","Seth DeValve","DeValve","3.75","16","4400","CLE@OAK","CLE","OAK","Q","Hamstring","","",""
"28509-26355","TE","Logan","Logan Thomas","Thomas","2.049999952316284","2","4400","BUF@GB","BUF","GB","","","","",""
"28509-39814","TE","Jordan","Jordan Leggett","Leggett","0","1","4400","NYJ@JAC","NYJ","JAC","","","","",""
"28509-56265","TE","Mike","Mike Gesicki","Gesicki","3.0999999046325684","2","4400","MIA@NE","MIA","NE","","","","",""
"28509-29725","TE","Levine","Levine Toilolo","Toilolo","1.2000000476837158","1","4300","DET@DAL","DET","DAL","","","","",""
"28509-14394","TE","Virgil","Virgil Green","Green","3.7333332697550454","3","4300","SF@LAC","LAC","SF","","","","",""
"28509-12527","D","Chicago","Chicago Bears","Bears","14.666666666666666","3","4300","TB@CHI","CHI","TB","","","","",""
"28509-12533","D","Green Bay","Green Bay Packers","Packers","6.333333333333333","3","4300","BUF@GB","GB","BUF","","","","",""
"28509-38301","TE","Darren","Darren Fells","Fells","2.0999999046325684","2","4300","CLE@OAK","CLE","OAK","","","","",""
"28509-28144","TE","Dion","Dion Sims","Sims","1.899999976158142","1","4300","TB@CHI","CHI","TB","","","","",""
"28509-28570","TE","Nick","Nick Vannett","Vannett","3.366666793823242","3","4300","SEA@ARI","SEA","ARI","","","","",""
"28509-14240","TE","Lance","Lance Kendricks","Kendricks","0.9000000158945719","3","4300","BUF@GB","GB","BUF","","","","",""
"28509-14355","TE","Niles","Niles Paul","Paul","1.350000023841858","2","4200","NYJ@JAC","JAC","NYJ","","","","",""
"28509-12541","D","New England","New England Patriots","Patriots","4.666666666666667","3","4200","MIA@NE","NE","MIA","","","","",""
"28509-12556","D","Houston","Houston Texans","Texans","4.666666666666667","3","4200","HOU@IND","HOU","IND","","","","",""
"28509-45335","TE","Michael","Michael Roberts","Roberts","8","1","4200","DET@DAL","DET","DAL","Q","Knee","","",""
"28509-29277","TE","Stephen","Stephen Anderson","Anderson","3.7642857687813893","14","4200","MIA@NE","NE","MIA","","","","",""
"28509-48116","TE","Jonnu","Jonnu Smith","Smith","1.5499999523162842","2","4200","PHI@TEN","TEN","PHI","","","","",""
"28509-12537","D","Oakland","Oakland Raiders","Raiders","1.6666666666666667","3","4100","CLE@OAK","OAK","CLE","","","","",""
"28509-22920","TE","Derek","Derek Carrier","Carrier","2","2","4100","CLE@OAK","OAK","CLE","","","","",""
"28509-22065","TE","Rhett","Rhett Ellison","Ellison","5","3","4100","NO@NYG","NYG","NO","","","","",""
"28509-39492","TE","Josh","Josh Hill","Hill","1.7333332697550456","3","4100","NO@NYG","NO","NYG","","","","",""
"28509-12055","TE","Logan","Logan Paulsen","Paulsen","1.5499999523162842","2","4100","CIN@ATL","ATL","CIN","","","","",""
"28509-14348","TE","Lee","Lee Smith","Smith","1.933333396911621","6","4000","CLE@OAK","OAK","CLE","","","","",""
"28509-55336","TE","Chris","Chris Herndon","Herndon","2.450000047683716","2","4000","NYJ@JAC","NYJ","JAC","","","","",""
"28509-62505","TE","MyCole","MyCole Pruitt","Pruitt","0","0","4000","PHI@TEN","TEN","PHI","","","","",""
"28509-62508","TE","James","James O'Shaughnessy","O'Shaughnessy","0.7333333492279053","3","4000","NYJ@JAC","JAC","NYJ","","","","",""
"28509-62515","TE","Neal","Neal Sterling","Sterling","4.199999809265137","1","4000","NYJ@JAC","NYJ","JAC","Q","Concussion","","",""
"28509-42046","TE","Durham","Durham Smythe","Smythe","0","0","4000","MIA@NE","MIA","NE","","","","",""
"28509-30800","TE","Jason","Jason Croom","Croom","4.533333460489909","3","4000","BUF@GB","BUF","GB","","","","",""
"28509-29805","TE","Ryan","Ryan Hewitt","Hewitt","0","1","4000","HOU@IND","IND","HOU","","","","",""
"28509-79980","TE","Eric","Eric Saubert","Saubert","0","1","4000","CIN@ATL","ATL","CIN","","","","",""
"28509-28807","TE","Gabe","Gabe Holmes","Holmes","0","1","4000","SEA@ARI","ARI","SEA","","","","",""
"28509-80011","TE","Antony","Antony Auclair","Auclair","1.75","2","4000","TB@CHI","TB","CHI","","","","",""
"28509-62617","TE","Khari","Khari Lee","Lee","0","0","4000","BUF@GB","BUF","GB","","","","",""
"28509-62633","TE","Matt","Matt Lengel","Lengel","0","0","4000","HOU@IND","HOU","IND","","","","",""
"28509-83117","TE","Tanner","Tanner Hudson","Hudson","0","0","4000","TB@CHI","TB","CHI","","","","",""
"28509-32957","TE","Eric","Eric Tomlinson","Tomlinson","2","3","4000","NYJ@JAC","NYJ","JAC","","","","",""
"28509-83138","TE","Ross","Ross Dwelley","Dwelley","0","0","4000","SF@LAC","SF","LAC","","","","",""
"28509-57556","TE","Jerome","Jerome Cunningham","Cunningham","0","0","4000","PHI@TEN","TEN","PHI","","","","",""
"28509-62718","TE","Daniel","Daniel Brown","Brown","2.424999952316284","8","4000","TB@CHI","CHI","TB","","","","",""
"28509-12544","D","New York","New York Jets","Jets","13","3","4000","NYJ@JAC","NYJ","JAC","","","","",""
"28509-12546","D","Arizona","Arizona Cardinals","Cardinals","5.333333333333333","3","4000","SEA@ARI","ARI","SEA","","","","",""
"28509-29956","TE","Joshua","Joshua Perkins","Perkins","4.599999904632568","2","4000","PHI@TEN","PHI","TEN","","","","",""
"28509-83253","TE","Paul","Paul Butler","Butler","0","0","4000","CLE@OAK","OAK","CLE","","","","",""
"28509-45472","TE","Garrett","Garrett Griffin","Griffin","0.44999998807907104","2","4000","NO@NYG","NO","NYG","","","","",""
"28509-47551","TE","Mason","Mason Schreck","Schreck","0","0","4000","CIN@ATL","CIN","ATL","","","","",""
"28509-54742","TE","Scott","Scott Simonson","Simonson","0","0","4000","NO@NYG","NYG","NO","","","","",""
"28509-84440","TE","Jaeden","Jaeden Graham","Graham","0","0","4000","CIN@ATL","ATL","CIN","","","","",""
"28509-27117","TE","Sean","Sean Culkin","Culkin","0","0","4000","SF@LAC","LAC","SF","","","","",""
"28509-41469","TE","Darrell","Darrell Daniels","Daniels","0.6833333174387614","6","4000","SEA@ARI","SEA","ARI","","","","",""
"28509-22051","TE","Orson","Orson Charles","Charles","0","1","4000","CLE@OAK","CLE","OAK","","","","",""
"28509-80486","TE","Alex","Alex Gray","Gray","0","0","4000","CIN@ATL","ATL","CIN","","","","",""
"28509-38523","TE","Geoff","Geoff Swaim","Swaim","5.25","2","4000","DET@DAL","DAL","DET","","","","",""
"28509-33418","TE","Alan","Alan Cross","Cross","0","1","4000","TB@CHI","TB","CHI","","","","",""
"28509-47788","TE","Deon","Deon Yelder","Yelder","0","0","4000","NO@NYG","NO","NYG","","","","",""
"28509-40649","TE","Pharoah","Pharoah McKever","McKever","0","0","4000","CLE@OAK","CLE","OAK","","","","",""
"28509-70363","TE","Hakeem","Hakeem Valles","Valles","1","1","4000","DET@DAL","DET","DAL","","","","",""
"28509-71386","TE","Jordan","Jordan Thomas","Thomas","3.1666666666666665","3","4000","HOU@IND","HOU","IND","","","","",""
"28509-54007","TE","Jacob","Jacob Hollister","Hollister","5","1","4000","MIA@NE","NE","MIA","D","Chest","","",""
"28509-25346","TE","David","David Grinnage","Grinnage","0","0","4000","NYJ@JAC","JAC","NYJ","","","","",""
"28509-55042","TE","Dalton","Dalton Schultz","Schultz","0","0","4000","DET@DAL","DAL","DET","","","","",""
"28509-70457","TE","Cole","Cole Wick","Wick","0","0","4000","SF@LAC","SF","LAC","","","","",""
"28509-70489","TE","Ben","Ben Braunecker","Braunecker","0","0","4000","TB@CHI","CHI","TB","","","","",""
"28509-38772","TE","Nate","Nate Wozniak","Wozniak","0","0","4000","NO@NYG","NO","NYG","","","","",""
"28509-27527","TE","Blake","Blake Jarwin","Jarwin","0","2","4000","DET@DAL","DAL","DET","","","","",""
"28509-40913","TE","Thomas","Thomas Duarte","Duarte","0","0","4000","SF@LAC","LAC","SF","","","","",""
"28509-24533","TE","Mo","Mo Alie-Cox","Alie-Cox","0","0","4000","HOU@IND","IND","HOU","","","","",""
"28509-43993","TE","Andrew","Andrew Vollert","Vollert","0","0","4000","SEA@ARI","ARI","SEA","","","","",""
"28509-14304","TE","Luke","Luke Stocker","Stocker","2.933333396911621","3","4000","PHI@TEN","TEN","PHI","","","","",""
"28509-57325","TE","Jordan","Jordan Franks","Franks","0","0","4000","CIN@ATL","CIN","ATL","","","","",""
"28509-57338","TE","Jordan","Jordan Akins","Akins","2.5","3","4000","HOU@IND","HOU","IND","","","","",""
"28509-12528","D","Cincinnati","Cincinnati Bengals","Bengals","7.333333333333333","3","3800","CIN@ATL","CIN","ATL","","","","",""
"28509-12530","D","Dallas","Dallas Cowboys","Cowboys","6.666666666666667","3","3700","DET@DAL","DAL","DET","","","","",""
"28509-12542","D","New Orleans","New Orleans Saints","Saints","1","3","3700","NO@NYG","NO","NYG","","","","",""
"28509-12535","D","Indianapolis","Indianapolis Colts","Colts","8","3","3600","HOU@IND","IND","HOU","","","","",""
"28509-12529","D","Cleveland","Cleveland Browns","Browns","10.666666666666666","3","3500","CLE@OAK","CLE","OAK","","","","",""
"28509-12532","D","Detroit","Detroit Lions","Lions","7","3","3500","DET@DAL","DET","DAL","","","","",""
"28509-12534","D","Tennessee","Tennessee Titans","Titans","10","3","3500","PHI@TEN","TEN","PHI","","","","",""
"28509-12543","D","New York","New York Giants","Giants","4","3","3500","NO@NYG","NYG","NO","","","","",""
"28509-12551","D","Tampa Bay","Tampa Bay Buccaneers","Buccaneers","6.333333333333333","3","3500","TB@CHI","TB","CHI","","","","",""
"28509-12525","D","Atlanta","Atlanta Falcons","Falcons","2.6666666666666665","3","3400","CIN@ATL","ATL","CIN","","","","",""
"28509-12549","D","San Francisco","San Francisco 49ers","49ers","2.6666666666666665","3","3300","SF@LAC","SF","LAC","","","","",""
"28509-12526","D","Buffalo","Buffalo Bills","Bills","6","3","3100","BUF@GB","BUF","GB","","","","",""
"28509-12539","D","Miami","Miami Dolphins","Dolphins","11.333333333333334","3","3100","MIA@NE","MIA","NE","","","","",""